-- phpMyAdmin SQL Dump
-- version 3.3.9
-- http://www.phpmyadmin.net
--
-- Host: localhost
-- Generation Time: Mar 06, 2013 at 04:56 AM
-- Server version: 5.5.8
-- PHP Version: 5.3.5

SET SQL_MODE="NO_AUTO_VALUE_ON_ZERO";


/*!40101 SET @OLD_CHARACTER_SET_CLIENT=@@CHARACTER_SET_CLIENT */;
/*!40101 SET @OLD_CHARACTER_SET_RESULTS=@@CHARACTER_SET_RESULTS */;
/*!40101 SET @OLD_COLLATION_CONNECTION=@@COLLATION_CONNECTION */;
/*!40101 SET NAMES utf8 */;

--
-- Database: `latihandb`
--

-- --------------------------------------------------------

--
-- Table structure for table `bahagian`
--

CREATE TABLE IF NOT EXISTS `bahagian` (
  `bids` varchar(32) NOT NULL,
  `bdelete` int(1) NOT NULL DEFAULT '1',
  `bahagian` varchar(255) NOT NULL
) ENGINE=InnoDB DEFAULT CHARSET=latin1;

--
-- Dumping data for table `bahagian`
--

INSERT INTO `bahagian` (`bids`, `bdelete`, `bahagian`) VALUES
('55b615a2763053eca198c7fee078ffec', 1, 'UNIT MODAL INSAN DAN INOVASI'),
('a9a5053fdf71824225e4e3f5a1527be1', 1, 'UNIT TEKNOLOGI MAKLUMAT'),
('0c63d083b12b7272ccfde6dcfd16013f', 1, 'UNIT PENTADBIRAN DAN KEWANGAN'),
('b6c11593bdcee3c3a1af1093a88a38e0', 2, 'UNIT KEWANGAN'),
('a72ea7f421b0d6efc46e846be59fcbf8', 1, 'PEJABAT SETIAUSAHA BAHAGIAN'),
('96c263baff3442ede8e96e2990b7ae33', 1, 'PEJABAT TIMBALAN SETIAUSAHA BAHAGIAN (ISTIADAT DAN PROTOKOL)'),
('3632dd2575c3b5f14d334962cbb0669a', 1, 'PEJABAT TIMBALAN SETIAUSAHA BAHAGIAN (PERSIDANGAN DAN PENGURUSAN)'),
('bc0ae2539522bbf6e47711042d6e6e4a', 2, 'UNIT PROTOKOL'),
('891ca437d641d8cb8304d985d545d3b8', 1, 'UNIT MAJLIS RASMI KERAJAAN'),
('4e27c09ece9961416ea47204fc4b8c17', 1, 'UNIT PENGURUSAN DAN PENYELIDIKAN DKBPP'),
('4630ecce2a4455b987ead03d327116d8', 1, 'UNIT PERSIDANGAN ANTARABANGSA'),
('c8c3bced935a5c9d0207b7931a9d3ce0', 2, 'UNIT KEMUDAHAN'),
('c20e4d801c38c37fa0a28c87ba38afbb', 2, 'UNIT PENDAFTARAN DAN KEWANGAN'),
('744a11a174fae4780c9bad0db672ed85', 2, 'UNIT DOKUMENTASI'),
('d0fb09cecc86e38a714f01aaa0c806b7', 1, 'UNIT PENYELIDIKAN AM'),
('08ec3e70ccaf0098e41220f717a70d5c', 1, 'UNIT PENTADBIRAN DAN SUMBER MANUSIA ( PICC)'),
('685feb258a4551cac8de6cdf913d17a1', 1, 'UNIT JUALAN DAN PROMOSI'),
('b2f197d5de13bed8775f858c40dfb429', 1, 'UNIT KHIDMAT PELANGGAN'),
('39fc496aeb91f8e9a8c4c20dce877403', 1, 'UNIT AUDIO VISUAL'),
('02b83998d42de63ed345e1f1f232d13c', 1, 'UNIT TEKNOLOGI MAKLUMAT ( PICC)'),
('2e36fcf7fa3ce198baa1ebbd09cd2de9', 1, 'UNIT LOGISTIK'),
('c0f349c454d822367756038aafc73588', 1, 'UNIT F&amp;B'),
('c60ae3df719cf28368a3d367ec2f785b', 1, 'UNIT KEWANGAN (PICC)');

-- --------------------------------------------------------

--
-- Table structure for table `bahagian_tmp`
--

CREATE TABLE IF NOT EXISTS `bahagian_tmp` (
  `bids` varchar(32) NOT NULL,
  `bdelete` int(1) NOT NULL DEFAULT '1',
  `bahagian` varchar(255) NOT NULL,
  PRIMARY KEY (`bids`)
) ENGINE=MyISAM DEFAULT CHARSET=latin1;

--
-- Dumping data for table `bahagian_tmp`
--

INSERT INTO `bahagian_tmp` (`bids`, `bdelete`, `bahagian`) VALUES
('55b615a2763053eca198c7fee078ffec', 2, 'BAHAGIAN SUMBER MANUSIA'),
('a9a5053fdf71824225e4e3f5a1527be1', 2, 'BAHAGIAN TEKNOLOGI MAKLUMAT'),
('0c63d083b12b7272ccfde6dcfd16013f', 2, 'BAHAGIAN KEWANGAN'),
('b6c11593bdcee3c3a1af1093a88a38e0', 1, 'BAHAGIAN LATIHAN'),
('a72ea7f421b0d6efc46e846be59fcbf8', 1, 'PEJABAT KETUA PENGARAH PERKHIDMATAN AWAM'),
('96c263baff3442ede8e96e2990b7ae33', 1, 'BAHAGIAN KHIDMAT PENGURUSAN'),
('3632dd2575c3b5f14d334962cbb0669a', 1, 'BAHAGIAN PERANCANGAN, PENYELIDIKAN DAN KORPORAT'),
('bc0ae2539522bbf6e47711042d6e6e4a', 1, 'INSTITUT TADBIRAN AWAM NEGARA'),
('891ca437d641d8cb8304d985d545d3b8', 1, 'BAHAGIAN PENGURUSAN MAKLUMAT'),
('4e27c09ece9961416ea47204fc4b8c17', 1, 'BAHAGIAN PENGURUSAN PSIKOLOGI'),
('4630ecce2a4455b987ead03d327116d8', 1, 'BAHAGIAN SARAAN'),
('c8c3bced935a5c9d0207b7931a9d3ce0', 1, 'BAHAGIAN PASCA PERKHIDMATAN'),
('c20e4d801c38c37fa0a28c87ba38afbb', 1, 'BAHAGIAN PERKHIDMATAN'),
('744a11a174fae4780c9bad0db672ed85', 1, 'BAHAGIAN PEMBANGUNAN MODAL INSAN'),
('d0fb09cecc86e38a714f01aaa0c806b7', 1, 'BAHAGIAN PEMBANGUNAN ORGANISASI'),
('d41d8cd98f00b204e9800998ecf8427e', 1, 'UNIT PROTOKOL');

-- --------------------------------------------------------

--
-- Table structure for table `epsa`
--

CREATE TABLE IF NOT EXISTS `epsa` (
  `eids` varchar(32) NOT NULL,
  `edelete` int(1) NOT NULL DEFAULT '1',
  `tids` varchar(32) NOT NULL,
  `ekod` varchar(255) NOT NULL,
  `epsa` varchar(255) NOT NULL,
  `ejam` int(11) NOT NULL,
  PRIMARY KEY (`eids`)
) ENGINE=MyISAM DEFAULT CHARSET=latin1;

--
-- Dumping data for table `epsa`
--

INSERT INTO `epsa` (`eids`, `edelete`, `tids`, `ekod`, `epsa`, `ejam`) VALUES
('415b1b8f7c5c464d8bc16564c1f8dd30', 2, '', '', 'TAJUK EPSA 1', 24),
('7b51f00f6fb3ce631b1e44fb74debc4e', 2, '', '', 'TAJUK EPSA 2', 2),
('8260c50cc4402676af097c6b0581409e', 1, '', '', '040047E - CHANGE MANAGEMENT (ELEMENTARY)', 22),
('3283cce9e513bf8367ca730cb9b19591', 1, '', '', '040048E - CHANGE MANAGEMENT (INTERMEDIATE)', 30),
('57e223c761bb27646efccf0b2758828b', 1, '', '', '040102E - LEARNING ORGANISATION', 22),
('e5de6316b1a12d3b14cde8458b1aa6ec', 1, '', '', '130027E - PERKHIDMATAN PELANGGAN YANG BERBUDI BAHASA', 44),
('e2f0c158edf22c9a7d414c464b8631df', 1, '', '', '130097E - LEADERSHIP (ELEMENTARY) VER 2.0', 24),
('7daea32b6a705398c835a519b3995b0c', 1, '', '', '130098E - LEADERSHIP (INTERMEDIATE)', 8),
('86fee26e1008c2f67ab85034ef011a98', 1, '', '', '160302E - PENGURUSAN KONFLIK', 16),
('263cada541dfb271221fe61898d6a69a', 1, '', '', '090500E - PENGURUSAN ISLAM', 10),
('8ec58c386e536e99ac57f0d30a556b6f', 1, '', '', '040325E - CREATIVE THINKING &amp; PROBLEM SOLVING', 18),
('b754502336043451526fcab6611e51a7', 1, '', '', '040018E - STRATEGIC MANAGEMENT + BSC', 8),
('82dece63319cdf81fc1dc209cd7c2a11', 1, '', '', '180010E - KEPIMPINAN INTEGRASI', 8),
('200f2b33ac3ab3bf8ffa38cf07cbff5b', 1, '', '', '69668EP - PREPARING TO NEGOTIATE (INCLUDES SIMULATION)', 5),
('df392d5e6e717057c5201930ad776e72', 1, '', '', '67118EP - NEGOTIATING SKILLS IN ACTION (INCLUDES SIMULATION)', 5),
('da9e24190fac114aaa8f282543d9f483', 1, '', '', '79319EP - SELECTING YOUR NEGOTIATION STRATEGY (INCLUDES SIMULATION)', 12),
('c59ddd5bd1f2e48fc46d3f43c31cc722', 1, '', '', '16288EP - WHAT GOOD MANAGERS DO: THE FIRST 100 DAYS (INCLUDES SIMULATION)', 5),
('eab1e4644576c43456006a82961e1f9c', 1, '', '', '68958EP - EFFECTIVE MANAGEMENT: COMMUNICATING SUCCESSFULLY (INCLUDES SIMULATION)', 6),
('5031b0f13e10800ae96ac734d205c4cb', 1, '', '', '68772EP - EFFECTIVE MANAGEMENT : CREATIING SUCCESSFUL SOLUTIONS 9INCLUDES SIMULATION)', 6),
('b8136d4bfff874851fd45eef638c9087', 1, '', '', '020839E - JAVA PROGRAMMING (ELEMENTARY)', 26),
('f71bed847f8a6e29248143935a56ef47', 1, '', '', '020837-11E - KEMAHIRAN ICT SEKTOR AWAM (KISA): MODUL 1', 18),
('42b420299ab4b69d8ae7422a86622a9c', 1, '', '', '020837-12E - KEMAHIRAN ICT SEKTOR AWAM (KISA): MODUL 2', 28),
('a469d754b31a857f4e8e72acd0afbf7e', 1, '', '', '020837-13E - KEMAHIRAN ICT SEKTOR AWAM (KISA): MODUL 3', 18),
('ba5ee194903d3a849e6224b8685f26d6', 1, '', '', '020837-14E - KEMAHIRAN ICT SEKTOR AWAM (KISA): MODUL 4', 36),
('f5eba9d5aed4926aa89267cda6f314f0', 1, '', '', '020837-15E - KEMAHIRAN ICT SEKTOR AWAM (KISA): MODUL 5', 18),
('41a3e9b4b9b918bd881f76a0aa486210', 1, '', '', '020884E - ICT STRATEGIC PLANNING (BASIC)', 4),
('1fc07973f9125911650121335334631b', 1, '', '', '020882E - MICROSOFT OFFICE POWERPOINT 2007', 18),
('8a9e3f5ef2acf9a70c24e418542ac23b', 1, '', '', '020880E - MICROSOFT OFFICE EXCEL 2007', 24),
('43183e546a69c6c3b9d948cde0bdcc10', 1, '', '', '020881E - MICROSOFT OFFICE WORD 2007', 18),
('eca4008c65a62ba13fecf9f6e7cb5c8a', 1, '', '', '020910E - INTRODUCTION TO SOFTWARE QUALITY ASSURANCE', 8),
('d1b941230daad630518c5bf0a117ad5d', 1, '', '', '020883E - DATABASE FUNDAMENTALS', 12),
('f783e0c2bc6d22b0a0f1a2e7c21f946a', 1, '', '', '020877E - PENGENALAN KEPADA PENGURUSAN PUSAT DATA', 4),
('933186b2a9a571870663a06ee346a394', 1, '', '', '180003E - OPENOFFICE.ORG', 30),
('bd5f5dbacbc5f260c0cf1ec3e09c590e', 1, '', '', '180004E - PENGENALAN KEPADA KESELAMATAN ICT', 4),
('0e51d99b77e02bb174b69d18ec3f3c68', 1, '', '', '91627EP - PHP 5: AN INTRODUCTION', 8),
('7bd3689d6a01d7bb418f789494b2d8ff', 1, '', '', '16964EP - XML: AN INTRODUCTION (THIRD EDITION)', 12),
('797b0ee0df9d42021e0ca370722b888b', 1, '', '', '87152EP - MICROSOFT OFFICE PROJECT 2007: PROFESSIONAL', 11),
('d016db8ee371d2ba30017cff36251879', 1, '', '', '16287EP - DESIGNING VPN SECUTIRY', 23),
('2ef4400b7c251647efa6ad260aa7d39b', 1, '', '', '21005EP - INTRODUCTION TO TELECOMMUNICATION', 21),
('899362f2cdbd881cda106d6f11501511', 1, '', '', '10841EP - WIRELESS #', 29),
('97ac87161373be7ea86aafdea7f7ee4f', 1, '', '', '25799EP - TCP/IP V4: A COMPREHENSIVE GUIDE', 21),
('dbd24427f51795133500dc748bbb722d', 1, '', '', '1232EP - INTRODUCTION TO ATM', 15),
('b95e108f90b7595371bfed68b3a0d4a1', 1, '', '', '81283EP - FLASH CS3: LEVEL 1', 18),
('aa05058d5ae8a7dacd764966ad6a192f', 1, '', '', '83401EP - FLASH CS3: LEVEL 2', 13),
('8508b99505bfec6558a7aa27470453bf', 1, '', '', '80698EP - PHOTOSHOP CS3: LEVEL 1', 12),
('10b70ad171f0cf6d4da4da903634d30c', 1, '', '', '82526EP - PHOTOSHOP CS3: LEVEL 2', 11),
('6d711d2f7bb079f776414927f927788c', 1, '', '', '82882EP - ILLUSTRATOR CS2: CREATING MORE COMPLEX ILLUSTRATIONS FOR THE WEB AND PRINT', 25),
('82e4d7aacf8283a6df21469d92f5a7f9', 1, '', '', '60837EP - SAMS TEACH YOURSELF PHP, MYSQL AND APACHE ALL IN ONE (2ND EDITION)', 2),
('5fd7cbbb688321366ca8787dbed1a64a', 1, '', '', '86157EP - INTERCONNECTING CISCO NETWORKING DEVICES PART 1 (ICND1) V1.0', 23),
('44472e60eac938a063d104f017407f92', 1, '', '', '67220EP - INTRODUCTION TO CISCO NETWORKING TECHNOLOGIES (INTRO) V2.1', 14),
('bcbb8b0e878306efb4fcd4d13a945946', 1, '', '', '4075EP - T1/T3, DS1/DS3 NETWORKING AND TROUBLESHOOTING', 35),
('ae61029a84ff53981d50d8219cfa4307', 1, '', '', '150426E - PENGURUSAN HASIL KERAJAAN', 12),
('ac5a92186cf9c43c5f2e5455dd4aac4e', 1, '', '', '180302E - PENGURUSAN ASET ALIH KERAJAAN', 40),
('837e07018e2ea0f1ba8bb8fd57f7af66', 1, '', '', '150417E - PELUPUSAN DAN HAPUS KIRA', 17),
('acc7eb0be5959bf83d0af7f2b3dc2702', 1, '', '', '150427E - PENGURUSAN KEWANGAN (ASAS)', 16),
('12c5ff703ccac163dfed75e426715212', 1, '', '', '150437E - PENGURUSAN KEWANGAN AWAM', 8),
('fceca9f836d6317bed3bf9c51ba0b1e2', 1, '', '', '84668EP - FINANCIAL BASICS FOR NON-FINANCIAL MANAGERS (SECOND EDITION) (INCLUDES SIMULATION)', 3),
('dfb459dbb8d5ad3332b1f34cc18637de', 1, '', '', '160016E - EFFECTIVE COMMUNICATION', 20),
('7e628f777e2e224dea31387c69d8503d', 1, '', '', '040120E - NILAI DAN ETIKA', 18),
('e93a0361fddc36fa859afb275f25ff65', 1, '', '', '150438E - INTEGRITI DAN AKAUNTABILITI', 24),
('233ea6d2db377c2e93fe84bead01a067', 1, '', '', '000608E - PENGURUSAN MESYUARAT BERKESAN &amp; PENULISAN MINIT MESYUARAT BERKUALITI', 4),
('9e135728a78d4b74fdf9a3116afee7c9', 1, '', '', '000819E - MINUTES OF MEETING', 6),
('6bf77a630e8e9d0eaa9515269d9f16e9', 1, '', '', '130085E - COACHING &amp; MENTORING', 8),
('0b4ae9cd9939a74fc8d5cceeebf7801c', 1, '', '', '010119E - LATIHAN UNTUK JURULATIH', 4),
('22d3ebddd0180d3186b12c7d8d063ab8', 1, '', '', '180005E - LETTER WRITING', 6),
('2b1a8236f3d558170040d675f7a24a1c', 1, '', '', '030014E - PEMANTAPAN BUDAYA INOVASI DAN KUMPULAN INOVATIF KREATIF (KIK)', 8),
('743e7d9b02390dd32c7d2a5c80ec7775', 1, '', '', '140006E - PERANCANGAN DAN PENGURUSAN PROJEK (ASAS)', 8),
('d65518a73027be8342bd28c1dead9268', 1, '', '', '020909E - BEST PRACTICES AND SUCCESS FACTORS IN PROJECT MANAGEMENT', 4),
('0abde355b614e7fc1b4c3b9e451b9e9c', 1, '', '', '180011E - AMALAN 5S BERKESAN', 12),
('139335c0b07b7f2fe4525c368ba3b1ee', 1, '', '', '866EP - PROJECT MANAGEMENT FUNDAMENTALS: SECOND EDITION', 4),
('5c9365a9ed205aee65c400e3d0447d4d', 1, '', '', '3404EP - PROJECT INTEGRATION MANAGEMENT', 4),
('055e85775e6e93b4d33325a0331d0da1', 1, '', '', '020717E - RESEARCH METHODOLOGY', 30),
('7cb6b3768a0809e20f69677b7309040b', 1, '', '', '180006E - KAJIAN KEMUNGKINAN', 8),
('66f04526542909e1c9a54e2640471658', 1, '', '', '130047E - INTRODUCTION TO WRITING CASE STUDIES', 8),
('55c04573fabb721b6397427dc99f3c00', 1, '', '', '020712E - STATISTICAL ANALYSIS AND DATA MANAGEMENT', 30),
('ff481480b2d18e6d9bb321cc3d264cf1', 1, '', '', '18007E - CASE WRITING', 8),
('467391b1ae5e9a07b89a556e9d502553', 1, '', '', '000500E - KONNICHIWA: COMMUNICATIVE JAPANESE - A FIRST STEP', 20),
('6dad31dd1a3c4b8b4093a434e9d1e919', 1, '', '', '008821E - 24/7 ENGLISH PRE INTERMEDIATE I', 80),
('0650fd934d95f73ca02ce5c14f3bdd71', 1, '', '', '008821EII - 24/7 ENGLISH PRE INTERMEDIATE II', 80),
('72862c6da9cacef33c770105cc7175a6', 1, '', '', '0088220E - 24/7 ENGLISH INTERMEDIATE I', 80),
('eb81568acc1356d2a4a01c57ffe0e3df', 1, '', '', '0088220EII - 24/7 ENGLISH INTERMEDIATE II', 80),
('f69958093e371776a4f32af6fa8b35b4', 1, '', '', '008822E - 24/7 BUSINESS ENGLISH I', 80),
('796fa3ed8cab2f85d82163ba0c4bf91f', 1, '', '', '008822EII - 24/7 BUSINESS ENGLISH II', 80),
('c5d2dd4cc76f3f4f6ccf015f82545f15', 1, '', '', '040403E - PENGENALAN KEPADA DASAR-DASAR UTAMA KERAJAAN', 14),
('11d49a24122189f59001363bc9ec04ff', 1, '', '', '040410E - DASAR AWAM GUNAAN PERINGKAT ASAS', 18),
('b3632901c6d762ebf6122b8ca241b0e9', 1, '567033aa98c9a883dbaa391cfca4b6a8', '91627EP', 'PHP 5: AN INTRODUCTION', 8),
('30ee6a9b9a51dcad8e7054c4af3a225c', 1, '567033aa98c9a883dbaa391cfca4b6a8', '16964EP', 'XML: AN INTRODUCTION 9 (THIRD EDITION)', 12),
('b3d8790f1664e36b04fb197e78c05d42', 1, '567033aa98c9a883dbaa391cfca4b6a8', '87152EP', 'MICROSOFT OFFICE PROJECT 2007: PROFESIONAL', 11),
('e8a5798d68274623cb07a398e90b63fd', 1, 'abe2d80457d4369e170c7f3437e831b0', '150426E', 'PENGURUSAN HASIL KERAJAAN', 12),
('009427da90a07bbd637c798b42e9e700', 1, 'abe2d80457d4369e170c7f3437e831b0', '180302E', 'PENGURUSAN ASET ALIH KERAJAAN', 40),
('137ad4b0ebfc292e0c08da0686209692', 1, 'e99efcc148c0f5ceb909b12d45be3dc3', '160016E', 'EFFECTIVE COMMUNICATION', 20),
('061847e52aecb87f2a34c4c5bc44975a', 1, 'e99efcc148c0f5ceb909b12d45be3dc3', '040120E', 'NILAI DAN ETIKA', 18);

-- --------------------------------------------------------

--
-- Table structure for table `gred`
--

CREATE TABLE IF NOT EXISTS `gred` (
  `gids` varchar(32) NOT NULL,
  `gred` varchar(5) NOT NULL
) ENGINE=MyISAM DEFAULT CHARSET=latin1;

--
-- Dumping data for table `gred`
--

INSERT INTO `gred` (`gids`, `gred`) VALUES
('0da030aefb5e6d3abc8bb476b35d404d', 'N17'),
('c02b08bf08436cd201cece8bee47496e', 'N22'),
('64441dcbe3a23118963c6f97b9ce9b4f', 'N27'),
('8f23893636a748a59ed7669c099b3a0d', 'F41'),
('44df5b81b44aa51b79472b6d31370a43', 'M54'),
('8357c3366de4a64db1d146c8974b44fb', 'FT17'),
('24280df578a5fb45902dc5ea632342f4', 'M52'),
('b649f88408a1219a50371b52fe70de53', 'JUSA'),
('d41d8cd98f00b204e9800998ecf8427e', 'F32'),
('e18f4c5ee1b869055eb15c085a5990da', 'N32'),
('018ba3b04c2be96a164ab869032107b2', 'M44'),
('55814a9530d796ed9626e32f794bf6f8', 'M41'),
('cd1e7cab22c2eef448fba228d69c97ed', 'J17'),
('c6a269c3f06d470eb0cc9dde0b98df2b', 'R3'),
('c301b4ef3b515751f1c15b88a60c7222', 'R6'),
('f64b5d8da185a6efb70b38e2d1d968e4', 'N1'),
('eb47f8302e6fc55e515cd655bb2f220e', 'W17'),
('289067f0f1e8d377156b57d139851319', 'W22'),
('986d784e3fc9e699715a558b14aec4bc', 'W27'),
('152b67a9973685117b3c5b38ad4e9ed9', 'N4'),
('e03f0f3fff640b0e20dd21065f3ae8d5', 'M48'),
('06ebb396b115f58daf63413c20a1b404', 'W44'),
('aa7c0a0df459920aad20d8b9608ec71c', 'J41'),
('fc682d9fd7c236a50af4a1406aff3780', 'J36'),
('85949760acf8990cb38fcab145ef08b2', 'F38'),
('993bf38e92ad670af2c9f3126c081871', 'F29'),
('3e53949392041c7ba3e66cc4ebf0a187', 'N28');

-- --------------------------------------------------------

--
-- Table structure for table `kategori`
--

CREATE TABLE IF NOT EXISTS `kategori` (
  `tids` varchar(32) NOT NULL,
  `kategori` varchar(255) NOT NULL
) ENGINE=MyISAM DEFAULT CHARSET=latin1;

--
-- Dumping data for table `kategori`
--

INSERT INTO `kategori` (`tids`, `kategori`) VALUES
('567033aa98c9a883dbaa391cfca4b6a8', 'TEKNOLOGI MAKLUMAT DAN KOMUNIKASI'),
('abe2d80457d4369e170c7f3437e831b0', 'PENGURUSAN KEWANGAN'),
('e99efcc148c0f5ceb909b12d45be3dc3', 'KEMAHIRAN ASAS / PEMBINAAN KENDIRI');

-- --------------------------------------------------------

--
-- Table structure for table `kendiri`
--

CREATE TABLE IF NOT EXISTS `kendiri` (
  `dids` varchar(32) NOT NULL,
  `ddelete` int(1) NOT NULL DEFAULT '1',
  `dstatus` int(1) NOT NULL DEFAULT '1',
  `unokp` varchar(12) NOT NULL,
  `dpada` int(11) NOT NULL,
  `djenis` int(1) NOT NULL,
  `dlain` varchar(255) NOT NULL,
  `eids` varchar(32) NOT NULL,
  `dtajuk` text NOT NULL,
  `dtmula` varchar(10) NOT NULL,
  `dtmula2` int(11) NOT NULL,
  `dttamat` varchar(10) NOT NULL,
  `dttamat2` int(11) NOT NULL,
  `dtempat` varchar(255) NOT NULL,
  `djumlah` varchar(10) NOT NULL,
  `dnota` text NOT NULL,
  `dpelulus` varchar(12) NOT NULL,
  `dtlulus` int(11) NOT NULL,
  PRIMARY KEY (`dids`)
) ENGINE=MyISAM DEFAULT CHARSET=latin1;

--
-- Dumping data for table `kendiri`
--

INSERT INTO `kendiri` (`dids`, `ddelete`, `dstatus`, `unokp`, `dpada`, `djenis`, `dlain`, `eids`, `dtajuk`, `dtmula`, `dtmula2`, `dttamat`, `dttamat2`, `dtempat`, `djumlah`, `dnota`, `dpelulus`, `dtlulus`) VALUES
('5dc527776bd2ea87e406284ba9944a52', 1, 5, '555555555555', 1316875531, 1, '', 'e8a5798d68274623cb07a398e90b63fd', '', '19/09/2011', 1316408400, '20/09/2011', 1316494800, '', '12', '', 'SUPERADMIN', 1316879354),
('1a8125688aafb263532d55d6d803a3a7', 1, 1, '333333333333', 1316814196, 1, '', '137ad4b0ebfc292e0c08da0686209692', '', '20/09/2011', 1316494800, '23/09/2011', 1316754000, '', '20', '', '', 0),
('79de65fa68a93e18bb5b6c7ac619a19e', 1, 2, '111111111111', 1316790357, 1, '', '009427da90a07bbd637c798b42e9e700', '', '20/09/2011', 1316494800, '21/09/2011', 1316581200, '', '40', '', 'SUPERADMIN', 1316851545),
('f9591be826cb6f82f3f0efe4da113a8f', 1, 5, '111111111111', 1316790113, 1, '', '30ee6a9b9a51dcad8e7054c4af3a225c', '', '12/09/2011', 1315803600, '14/09/2011', 1315976400, '', '12', '', 'SUPERADMIN', 1316851587);

-- --------------------------------------------------------

--
-- Table structure for table `kumpulan`
--

CREATE TABLE IF NOT EXISTS `kumpulan` (
  `pid` int(11) NOT NULL,
  `pids` varchar(32) NOT NULL,
  `pdelete` int(11) NOT NULL DEFAULT '1',
  `kumpulan` varchar(255) NOT NULL,
  PRIMARY KEY (`pids`),
  KEY `pids` (`pids`)
) ENGINE=MyISAM DEFAULT CHARSET=latin1;

--
-- Dumping data for table `kumpulan`
--

INSERT INTO `kumpulan` (`pid`, `pids`, `pdelete`, `kumpulan`) VALUES
(3, 'd6e665a384cd9b3422c89afcf7fdcacf', 1, 'PENGURUSAN &amp; PROFESIONAL'),
(4, '20405c7381b398df48ca54fe3039ee45', 1, 'SOKONGAN I'),
(5, '0dea02fbd51d820eb2bda746b091ef22', 1, 'SOKONGAN II'),
(2, 'acf4f05c7e9821b3d980e4e4e0b178f9', 1, 'PENGURUSAN TERTINGGI'),
(1, '6ded5547a232aa43eb4a1d238212f1d6', 2, 'JAWATAN UTAMA');

-- --------------------------------------------------------

--
-- Table structure for table `kursus`
--

CREATE TABLE IF NOT EXISTS `kursus` (
  `kids` varchar(32) NOT NULL,
  `kdelete` int(1) NOT NULL DEFAULT '1',
  `kjenis` int(1) NOT NULL,
  `kanjuran` varchar(255) NOT NULL,
  `bids` varchar(32) NOT NULL,
  `ksektor` varchar(255) NOT NULL,
  `ktajuk` text NOT NULL,
  `kbidang` varchar(255) NOT NULL,
  `ktmula` varchar(10) NOT NULL,
  `ktmula2` int(11) NOT NULL,
  `kttamat` varchar(10) NOT NULL,
  `kttamat2` int(11) NOT NULL,
  `kcuti` int(1) NOT NULL,
  `kjumlah` int(11) NOT NULL,
  `klokasi` varchar(255) NOT NULL,
  `kpenyedia` varchar(255) NOT NULL,
  `kkos` varchar(20) NOT NULL,
  `koleh` varchar(12) NOT NULL,
  `kpada` int(11) NOT NULL,
  PRIMARY KEY (`kids`)
) ENGINE=MyISAM DEFAULT CHARSET=latin1;

--
-- Dumping data for table `kursus`
--

INSERT INTO `kursus` (`kids`, `kdelete`, `kjenis`, `kanjuran`, `bids`, `ksektor`, `ktajuk`, `kbidang`, `ktmula`, `ktmula2`, `kttamat`, `kttamat2`, `kcuti`, `kjumlah`, `klokasi`, `kpenyedia`, `kkos`, `koleh`, `kpada`) VALUES
('35d5eb4dd49fd9dd4def62e566ef4238', 2, 1, '2', '', 'HAQIS', 'Kursus PHP &amp; mySQL', 'IT', '27/08/2011', 1314374400, '30/08/2011', 1314633600, 1, 4, 'PUCHONG', 'JOMTRAINING', '', 'ADMIN', 1314299909),
('84d5ddf223d706850659020659308a49', 2, 2, '1', '55b615a2763053eca198c7fee078ffec', '', 'HOSPITAL UNIVERSITI\r\nPembangunan dan Penyelenggaraan', 'PENGURUSAN', '28/10/2011', 1319731200, '09/11/2011', 1320768000, 2, 9, 'SINGAPORE', 'UNIT LATIHAN', '', 'ADMIN', 1314301960),
('eaaabbc232bc34b606454b8e796a7cea', 2, 1, '1', 'a9a5053fdf71824225e4e3f5a1527be1', '', 'KURSUS PHP &amp; MySQL', 'ICT', '01/08/2011', 1312128000, '08/08/2011', 1312732800, 2, 6, 'PUCHONG', 'JTC', '', '720901105041', 1314347575),
('f090ab562e8066d8af7f22975731322e', 2, 1, '1', 'a9a5053fdf71824225e4e3f5a1527be1', '', 'Kursus Web Profesional Joomla! 1.5', 'IT', '04/07/2011', 1309708800, '08/07/2011', 1310054400, 2, 5, 'PUCHONG', 'JTC', '', '720901105041', 1314513149),
('63bad21cb6ae295ec47cbf60f41e6100', 2, 1, '1', '0c63d083b12b7272ccfde6dcfd16013f', '', 'Merancang Kewangan', 'KEWANGAB', '01/08/2011', 1312128000, '03/08/2011', 1312300800, 1, 3, 'PUCHONG', 'JTC', '', '720901105041', 1314518799),
('d7da5988cebba22cd7b8beca72924388', 2, 1, '1', '0c63d083b12b7272ccfde6dcfd16013f', '', 'Pengurusan Akaun', 'AKAUN', '15/08/2011', 1313337600, '18/08/2011', 1313596800, 1, 4, 'PUCHONG', 'JTC', '', '720901105041', 1314518832),
('1a3c72c9b2eb9ebcdf823d3eec9b71a0', 1, 1, '1', 'a9a5053fdf71824225e4e3f5a1527be1', '', 'Kursus Joomla! 1.5', 'IT', '02/11/2010', 1288627200, '03/11/2010', 1288713600, 1, 2, 'PUCHONG', 'JTC', '', '720901105041', 1314580084),
('f6110fadbbb2f1bfef2593f42f59f7a5', 1, 1, '1', '0c63d083b12b7272ccfde6dcfd16013f', '', 'Kursus Bina Insan', 'MOTIVASI', '10/08/2010', 1281369600, '12/08/2010', 1281542400, 1, 3, 'JANDA BAIK, PAHANG', 'JTC', '', '720901105041', 1314586068),
('5c96e5c7e2f8b8c72cd9c1094a87ca0c', 1, 1, '1', '0c63d083b12b7272ccfde6dcfd16013f', '', 'Kursus Presentation', 'MANAGEMENT', '04/08/2009', 1249315200, '06/08/2009', 1249488000, 1, 3, 'KL', 'JTC', '', '720901105041', 1314586378),
('2adb925a1fde592457fcc5cc1efde163', 1, 1, '1', '0c63d083b12b7272ccfde6dcfd16013f', '', 'Kursus Kepimpinan', 'PENGURUSAN', '01/08/2012', 1343750400, '02/08/2012', 1343836800, 1, 2, 'KL', 'JTC', '', '720901105041', 1314586519),
('0ec9a6cb58921f9f1488e54d6ba27e85', 1, 1, '1', '0c63d083b12b7272ccfde6dcfd16013f', '', 'Kursus Memasak', 'MEMASAK', '01/08/2012', 1343750400, '02/08/2012', 1343836800, 1, 2, 'KL', 'JTC', '', '720901105041', 1314586988),
('5da70361b6cb4ef62844baf38c0aa52c', 1, 1, '3', '', 'LIVEWEBS NETWORK &amp; TECHNOLOGY SDN. BHD.', 'KURSUS PHP &amp; MySQL (ASAS &amp; PERTENGAHAN)', 'ICT', '06/06/2011', 1307336400, '09/06/2011', 1307595600, 1, 4, '1 PUCHONG BUSINESS PARK', 'JOMTRAINING', '1800', 'SUPERADMIN', 1316852317),
('d8010d5b81676c856a928fb6df8cbd0c', 2, 1, '1', 'a9a5053fdf71824225e4e3f5a1527be1', '', 'Kursus PHP &amp; MySQL', 'ICT', '25/07/2011', 1311523200, '28/07/2011', 1311782400, 1, 4, '1 PUCHONG BUSINESS PARK', 'JOMTRAINING', '', 'SUPERADMIN', 1314594526),
('007f7bfa15255b0a90a320ca80234396', 2, 1, '1', 'a9a5053fdf71824225e4e3f5a1527be1', '', 'Kursus Web Joomla! 1.5', 'ICT', '18/04/2011', 1303056000, '19/04/2011', 1303142400, 1, 2, '1 PUCHONG BUSINESS PARK', 'JOMTRAINING', '', 'SUPERADMIN', 1314594589),
('c75b4cfc50810123fde3d2a0ed4fcbf8', 1, 1, '2', '96c263baff3442ede8e96e2990b7ae33', '', 'MOTIVASI DIRI SIRI 3', '', '12/09/2011', 1315803600, '14/09/2011', 1315976400, 2, 3, 'JPA', '', '', 'SUPERADMIN', 1316806487),
('1ac760d266cc8e176f4c49cb2ee87b38', 2, 1, '1', 'a9a5053fdf71824225e4e3f5a1527be1', '', 'Kursus Web Joomla! 1.5', 'ICT', '08/08/2011', 1312732800, '09/08/2011', 1312819200, 1, 2, '1 PUCHONG BUSINESS PARK', 'JOMTRAINING', '', 'SUPERADMIN', 1314594732),
('dbc27524ef763e35640a5f7d2c7e0eba', 1, 1, '2', '3632dd2575c3b5f14d334962cbb0669a', '', 'TAKLIMAT SISTEM PERSEKITARAN BERKUALITI (AMALAN 5S/ MS ISO 9001:2008) BIL. 2', 'KEPAKARAN', '11/02/2011', 1297404000, '11/02/2011', 1297404000, 2, 1, 'JPA', 'PENCERAMAH JABATAN', '', 'SUPERADMIN', 1316772679),
('f5087126bc19f87a1b56f87f05ea9613', 1, 1, '2', '4e27c09ece9961416ea47204fc4b8c17', '', 'KURSUS MOTIVASI: SAYA SEBENARNYA...', 'ORGANISASI', '16/02/2011', 1297836000, '18/02/2011', 1298008800, 2, 3, 'HOTEL LE PARIS, PORT DICKSON', 'IMPACT LEARNING RESOURCES SDN BHD', '', 'SUPERADMIN', 1316772442),
('582c97efe0a12914d957d7097fc8ae1f', 1, 1, '1', '96c263baff3442ede8e96e2990b7ae33', '', 'PROGRAM RETREAT AKRAB', 'PERSONAL', '21/02/2011', 1298217600, '23/02/2011', 1298390400, 2, 3, 'PNB ILHAM RESORT, PORT DICKSON', 'SAC CONSULTANT SDN BHD', '', '780728105477', 1315358103),
('4dad28decbf467b08e0d5399fb0ae0fb', 1, 1, '2', '744a11a174fae4780c9bad0db672ed85', '', 'TRANSFORMASI KEPIMPINAN', 'KEPIMPINAN', '22/02/2011', 1298354400, '24/02/2011', 1298527200, 2, 3, 'HOTEL PUTERI RESORT, MELAKA', 'IMPACT LEARNING RESOURCES SDN BHD', '', 'SUPERADMIN', 1316772499),
('fd7d4d6a8e6f028a74946efb6c6e3235', 1, 1, '4', '', 'INTAN', 'PROTOKOL, ETIKET DAN SOSIAL', 'PENGURUSAN', '22/02/2011', 1298354400, '24/02/2011', 1298527200, 2, 3, 'HOTEL SERI COSTA, MELAKA', 'BESTPRENEUR SDN BHD', '', 'SUPERADMIN', 1316772723),
('af173f7dedfc80b5e33b440c320926e3', 1, 1, '2', '96c263baff3442ede8e96e2990b7ae33', '', 'KURSUS MODUL INDUKSI KHUSUS SIRI 1/2011', '', '08/03/2011', 1299564000, '11/03/2011', 1299823200, 2, 4, 'HOTEL GENTING VIEW RESORT, PAHANG', 'PENCERAMAH JABATAN', '', 'SUPERADMIN', 1316806554),
('2714215fa149d1507ba6341b057a10c9', 1, 1, '4', '', 'MAMPU', 'STRATEGI DALAM KOMUNIKASI', 'KOMUNIKASI', '15/03/2011', 1300165200, '18/03/2011', 1300424400, 2, 4, 'SURIA CITY HOTEL, JOHOR', 'BESTPRENEUR SDN BHD', '', 'SUPERADMIN', 1316772708),
('0f918c0e0dcc6682654b6610f6189d37', 1, 1, '1', '96c263baff3442ede8e96e2990b7ae33', '', 'PROGRAM PENINGKATAN KAUNSELING ASAS', 'PERSONAL', '22/03/2011', 1300723200, '25/03/2011', 1300982400, 2, 4, 'HOTEL MAHKOTA, MELAKA', 'PENCERAMAH JABATAN', '', '780728105477', 1315370573),
('67ebeceb7161ae9d3218780918e48f78', 1, 1, '1', '', 'JPA', 'KURSUS ORIENTASI JPA SIRI 1/2011', '', '29/03/2011', 1301374800, '01/04/2011', 1301634000, 2, 4, 'HOTEL SERI MALAYSIA, BAGAN LALANG', 'PENCERAMAH JABATAN', '', 'SUPERADMIN', 1316806602),
('bd056c1200e1d97fec7dfcd65020e93b', 1, 1, '2', '744a11a174fae4780c9bad0db672ed85', '', 'PESARA YANG CEMERLANG', 'PERSONAL', '05/04/2011', 1301979600, '08/04/2011', 1302238800, 2, 4, 'HOTEL SUNWAY GEORGETOWN, PULAU PINANG', 'PENCERAMAH JABATAN', '', 'SUPERADMIN', 1316772935),
('8f4f3a8370182fe79fc091de1446e41a', 1, 1, '1', '', 'JPA', 'PROGRAM PEMBANGUNAN DIRI SIRI 1', 'PERSONAL', '13/04/2011', 1302670800, '14/04/2011', 1302757200, 2, 2, 'JPA', 'PENCERAMAH JABATAN', '', 'SUPERADMIN', 1316772655),
('b152377a74b6b318bbe84819dc6a1c29', 1, 1, '1', '96c263baff3442ede8e96e2990b7ae33', '', 'PROGRAM KESEDARAN PSIKOLOGI SIRI 1 (TERAPI KESIHATAN 1 MALAYSIA)', 'PERSONAL', '18/04/2011', 1303056000, '18/04/2011', 1303056000, 2, 1, 'JPA', 'PENCERAMAH JABATAN', '', '780728105477', 1315371355),
('e8720903dcc23bd0492b99e39aa37057', 1, 1, '2', 'd0fb09cecc86e38a714f01aaa0c806b7', '', 'KURSUS MODUL INDUKSI UMUM SIRI 1/2011', 'MANDATORI', '18/04/2011', 1303102800, '22/04/2011', 1303448400, 2, 5, 'PNB ILHAM RESORT, PORT DICKSON', 'PENCERAMAH JABATAN', '', 'SUPERADMIN', 1316772419),
('186a9ce89d23cd592d494fa5576691a3', 1, 1, '3', '', 'USMART RESOURCES SDN. BHD', 'PROGRAM MASIH ADA YANG SAYANG SIRI 1', 'PERSONAL', '20/04/2011', 1303275600, '22/04/2011', 1303448400, 2, 3, 'KEDAH &amp; PERAK', 'PENCERAMAH JABATAN', '', 'SUPERADMIN', 1316772638),
('550ef52e9fa06c79221961cda1174125', 1, 1, '2', '96c263baff3442ede8e96e2990b7ae33', '', 'HIGH PERFORMANCE WORKSHOP SIRI 1', 'KEPIMPINAN', '25/04/2011', 1303707600, '25/04/2011', 1303707600, 2, 1, 'JPA', 'PENCERAMAH JABATAN', '', 'SUPERADMIN', 1316772380),
('1acd1a36e9080a4d4568614302445c11', 2, 1, '1', '96c263baff3442ede8e96e2990b7ae33', '', 'a', 'A', '14/09/2011', 1315976400, '20/09/2011', 1316494800, 2, 5, 'AA', 'A', '', '780728105477', 1315469977),
('2f47387744c643c3ddacdddf1677de1e', 1, 1, '1', '', 'BAHAGIAN ISTIADAT DAN URUSETIA PERSIDANGAN ANTARABANGSA', 'BENGKEL SKT 2013', '', '06/02/2013', 1360105200, '08/02/2013', 1360278000, 2, 3, 'MELAKA', 'UNIT MODAL INSAN DAN INOVASI', '', '750216016531', 1360919374),
('6d1816077b4ae262b6383f09f97bc445', 1, 1, '4', '', 'INTAN', 'K-Worker Tips and Tricks', 'ICT', '05/02/2013', 1360018800, '06/02/2013', 1360105200, 1, 2, 'INTAN BUKIT KIARA', '', '', '780922055498', 1361157695),
('3fdb286366c710fdf6e3454900a10ef5', 1, 1, '4', '', 'INTAN', 'Kursus PC Essential 1', '', '21/02/2013', 1361401200, '22/02/2013', 1361487600, 1, 2, 'INTAN BUKIT KIARA', '', '', '780922055498', 1361157792),
('8e68d24a028742cfd8478295946215d1', 1, 1, '1', '', 'BAHAGIAN ISTIADAT DAN URUSETIA PERSIDANGAN ANTARABANGSA', 'BENGKEL PANDUAN PENGURUSAN PEJABAT', '', '06/03/2013', 1362524400, '07/03/2013', 1362610800, 2, 2, 'BILIK SEMINAR 2, ARAS 3, BLOK B1, KOMPLEKS JABATAN PERDANA MENTERI', 'AWEKEN TRAINING &amp; CONSULTANCY', '', '870711495062', 1361851193),
('6278ddb8a7b763b0860219313192a2c7', 1, 1, '1', '', 'BAHAGIAN ISTIADAT DAN URUSETIA PERSIDANGAN ANTARABANGSA', 'LATIHAN e-SPKB MODUL PENYATA PENYESUAIAN', 'KEWANGAN', '16/01/2013', 1358290800, '16/01/2013', 1358290800, 2, 1, 'MAKMAL KOMPUTER, BAHAGIAN AKAUN, ARAS 3, BLOK B7, KOMPLEKS JPM', 'UNIT KEWANGAN', '', '870711495062', 1361851646),
('cbe15df2d178e00d38f7ad0c1690655e', 1, 1, '4', '', 'INSTITUT PENTADBIRAN NEGARA (INTAN)', 'TRAINING : INSTALLING DAN CONFIGURING WINDOWS 7 CLIENT', 'ICT', '11/03/2013', 1362956400, '13/03/2013', 1363129200, 2, 3, 'INTAN BUKIT KIARA', '', '', '870711495062', 1362018767),
('27ea3116a151bdd2de874add067af183', 1, 1, '4', '', 'INTAN', 'KURSUS TATACARA PENGURUSAN DAN PENGACARAAN MAJLIS', '', '04/02/2013', 1359932400, '07/02/2013', 1360191600, 2, 4, 'INTURA', '', '', '870711495062', 1362365588),
('9bd43b16a9d6edd8acef1c699b7dbb08', 1, 1, '1', '', 'BAHAGIAN KEWANGAN, JABATAN PERDANA MENTERI', 'Sesi Knowledge Sharing Mengenai Pengurusan Aset dan Stor', '', '21/02/2013', 1361401200, '21/02/2013', 1361401200, 2, 1, 'BILIK SERBAGUNA 1, ARAS 3, BLOK B1, KOMPLEKS JABATAN PERDANA MENTERI', 'SEKSYEN PENGURUSAN ASET JABATAN PERDANA MENTERI', '', '870711495062', 1362446724);

-- --------------------------------------------------------

--
-- Table structure for table `latihan`
--

CREATE TABLE IF NOT EXISTS `latihan` (
  `lids` varchar(32) NOT NULL,
  `ldelete` int(1) NOT NULL DEFAULT '1',
  `lstatus` int(1) NOT NULL DEFAULT '1',
  `kids` varchar(32) NOT NULL,
  `unokp` varchar(12) NOT NULL,
  `lpada` int(11) NOT NULL,
  `lnota` text NOT NULL,
  `lpelulus` varchar(12) NOT NULL,
  `ltlulus` int(11) NOT NULL,
  PRIMARY KEY (`lids`)
) ENGINE=MyISAM DEFAULT CHARSET=latin1;

--
-- Dumping data for table `latihan`
--

INSERT INTO `latihan` (`lids`, `ldelete`, `lstatus`, `kids`, `unokp`, `lpada`, `lnota`, `lpelulus`, `ltlulus`) VALUES
('3d315d323befe30733eeebabae532da3', 1, 2, '4dad28decbf467b08e0d5399fb0ae0fb', '780728105477', 1315377858, '', '780728105477', 1315378035),
('27b5c37112a2aecac603bd4a9ef5608b', 1, 3, '550ef52e9fa06c79221961cda1174125', '72102015126', 1315475194, '', 'SUPERADMIN', 1316540286),
('733e4b46e918843e99a9f3589a54cfcf', 1, 2, 'af173f7dedfc80b5e33b440c320926e3', '830924126171', 1315378295, '', '780728105477', 1315378381),
('0a7bd047266b85b28bbd38ebc5fabc55', 1, 2, '007f7bfa15255b0a90a320ca80234396', '999999999999', 1315003544, '', '720901105041', 1315173755),
('337b66d736a8d9fbfca6fb77e519b18e', 1, 5, 'dbc27524ef763e35640a5f7d2c7e0eba', '333333333333', 1316819134, '', 'SUPERADMIN', 1316849236),
('797082fb72936aed9e80620cfccc97e6', 1, 2, '94e035889b5783461e1d65dc314c5ba3', '999999999999', 1315003564, '', 'SUPERADMIN', 1315197598),
('ab92ff76494ca7510d5ab48bca422d8d', 1, 1, 'f6110fadbbb2f1bfef2593f42f59f7a5', '720901105041', 1314586214, '', '', 0),
('03f69c193977443a1392f135623fa150', 1, 2, 'dd0d5bfd61433fdfdbf360470ac86cb4', '780728105477', 1315452847, '', '780728105477', 1315452970),
('3b7ce86a6334c3214cc02880cc88b1cc', 1, 5, '550ef52e9fa06c79221961cda1174125', '333333333333', 1316819231, '', 'SUPERADMIN', 1316848949),
('b78b7609b280bef6490e982f7640ae0d', 1, 2, '343bcbee1804bad4128e8eb632202c54', '444444444444', 1316564301, '', 'SUPERADMIN', 1316564360),
('d69d24ccbfd878fc27e5f78f25528b3e', 1, 5, 'c75b4cfc50810123fde3d2a0ed4fcbf8', '333333333333', 1316819338, '', 'SUPERADMIN', 1316848880),
('920e2b214219330936116562f2ba10b0', 1, 5, 'e8720903dcc23bd0492b99e39aa37057', '111111111111', 1316839157, '', 'SUPERADMIN', 1316848738),
('a86d0b01975c518f5c7587d70ee77386', 1, 4, 'f5087126bc19f87a1b56f87f05ea9613', '555555555555', 1316875477, '', 'SUPERADMIN', 1316879192),
('fbb7317be26bf32bc0a35532ea9d8f00', 1, 1, 'b152377a74b6b318bbe84819dc6a1c29', '222222222222', 1316880773, '', '', 0),
('743538f0cd624c590f53ea6b6780cef2', 1, 1, '550ef52e9fa06c79221961cda1174125', '222222222222', 1316881075, '', '', 0),
('b4e1c19987ab0eae193d09f1904bae4a', 1, 2, '2f47387744c643c3ddacdddf1677de1e', '780922055498', 1361155984, '', '780922055498', 1361156009),
('e322fff305df3b733dc83cdb42ad8d23', 1, 2, '6d1816077b4ae262b6383f09f97bc445', '666666666666', 1361158100, '', '780922055498', 1361158257),
('e90751691527f5d4df01ae9ed4fa910d', 1, 2, '3fdb286366c710fdf6e3454900a10ef5', '666666666666', 1361158110, '', '780922055498', 1361158245),
('ef1cbcc5d5beae8e0b60adebcc1a7601', 1, 2, '2f47387744c643c3ddacdddf1677de1e', '750922086131', 1361846645, '', '780922055498', 1361846769),
('d36e5ab03d83c98d117b089bae29c24c', 1, 2, '2f47387744c643c3ddacdddf1677de1e', '790330145405', 1361931214, '', '870711495062', 1361940643),
('051f596598c23d60ac0a55be6e5b13e9', 1, 1, 'cbe15df2d178e00d38f7ad0c1690655e', '650106035266', 1362541429, '', '', 0),
('64f552c6709617cc74d9c6116786be33', 1, 1, '6d1816077b4ae262b6383f09f97bc445', '650106035266', 1362541449, '', '', 0),
('ef2de73ef17704172cbc0999d06f8077', 1, 1, '3fdb286366c710fdf6e3454900a10ef5', '650106035266', 1362541510, '', '', 0);

-- --------------------------------------------------------

--
-- Table structure for table `program`
--

CREATE TABLE IF NOT EXISTS `program` (
  `rid` int(11) NOT NULL AUTO_INCREMENT,
  `rdelete` int(1) NOT NULL DEFAULT '1',
  `rkategori` int(1) NOT NULL,
  `rids` varchar(32) NOT NULL,
  `unokp` varchar(12) NOT NULL,
  `rtmula` varchar(10) NOT NULL,
  `rtmula2` int(11) NOT NULL,
  `rttamat` varchar(10) NOT NULL,
  `rttamat2` int(11) NOT NULL,
  PRIMARY KEY (`rid`)
) ENGINE=MyISAM  DEFAULT CHARSET=latin1 AUTO_INCREMENT=105 ;

--
-- Dumping data for table `program`
--

INSERT INTO `program` (`rid`, `rdelete`, `rkategori`, `rids`, `unokp`, `rtmula`, `rtmula2`, `rttamat`, `rttamat2`) VALUES
(1, 1, 1, 'fcb60196e32f934ffce1f9ce0e91437f', '111111111111', '27/08/2011', 1314374400, '', 0),
(2, 1, 1, 'e179787cea6e2c367b20a7c7a45bea1f', '720901105041', '01/08/2011', 1312128000, '', 0),
(3, 1, 2, '5ebddeb6bc5ffc1ba8ef971391bb9c1a', '111111111111', '26/08/2011', 1, '', 0),
(4, 1, 1, '229abee51980b82e762305d7917d9c53', '711111112222', '01/07/2011', 1309449600, '', 0),
(5, 1, 2, '17c4ea8e6dc703e821a3ce8a0aa71179', '720901105041', '01/08/2011', 1312128000, '', 0),
(6, 1, 1, '9b9b01f88970602c6e382aa481f37d72', '720901105041', '28/10/2011', 1319731200, '', 0),
(7, 1, 1, '45e9411e1010d9fa91a977b136eceac9', '711111112222', '27/08/2011', 1314374400, '', 0),
(8, 1, 1, '13f6fcafe271221f6fa50441b1586775', '880808080801', '27/08/2011', 1314374400, '', 0),
(9, 1, 2, '35f78ed4be2365b0483685b2de2150b4', '880808080801', '10/10/2011', 1318176000, '', 0),
(10, 1, 3, '71e59ddd56b7f79c650d0aaa361a81b7', '880808080801', '28/08/2011', 1314460800, '', 0),
(65, 1, 3, '79de65fa68a93e18bb5b6c7ac619a19e', '111111111111', '20/09/2011', 1316494800, '', 0),
(12, 1, 1, 'bbb6ebc18978daf62a1153c4a0ad6953', '720901105041', '01/08/2011', 1312128000, '', 0),
(13, 1, 2, '7dabc3ac54da06d359ef2b54bc02d633', '720901105041', '22/08/2011', 1313942400, '', 0),
(14, 1, 2, '53817d9dd5dcc58a6a9f77cab075b602', '720901105041', '22/08/2011', 1313942400, '', 0),
(15, 1, 2, 'a75dfefbc3621c46631585b6da33b3ec', '720901105041', '23/08/2011', 1314028800, '', 0),
(16, 1, 2, 'b97f1729e01611feb126c1da13cfa3c4', '720901105041', '07/08/2011', 1312646400, '', 0),
(17, 1, 2, '7eef7e512e77df28c178bf692a45b7ca', '720901105041', '01/08/2011', 1312128000, '', 0),
(18, 1, 2, '393b21e4fcd08f9ff7380806cb9d811e', '720901105041', '04/08/2011', 1312387200, '', 0),
(19, 1, 2, 'd0273c017f5b476d45d727a072c71ce0', '720901105041', '08/06/2011', 1307462400, '', 0),
(20, 1, 2, '40f1cc22b7dffd328ddf281c5015c46b', '720901105041', '08/08/2011', 1312732800, '', 0),
(21, 1, 3, 'c7bd52b7da489bcc9f3c8d86a90d6421', '720901105041', '09/08/2011', 1312819200, '', 0),
(22, 1, 3, '0d968dc116ef38303dcca0515bcb4e4b', '720901105041', '22/08/2011', 1313942400, '', 0),
(23, 1, 1, 'f3fdc27e2729bb81f0531368efc042bd', '720901105041', '15/08/2011', 1313337600, '', 0),
(24, 1, 2, 'f0fd8034982bf952ca5b0fde5c5db4cb', '720901105041', '29/08/2011', 1314547200, '', 0),
(25, 1, 3, 'bdc6be42ff0f259fb7ad5812e14be7f6', '720901105041', '22/08/2011', 1313942400, '', 0),
(26, 1, 1, '008dbe344480b42d4040e04929a15e00', '720901105041', '27/08/2011', 1314374400, '', 0),
(27, 1, 1, 'ab92ff76494ca7510d5ab48bca422d8d', '720901105041', '10/08/2010', 1281369600, '', 0),
(28, 1, 1, '785e5189e8e2c5f696dc060d9be947b9', '720901105041', '01/08/2011', 1312128000, '', 0),
(29, 1, 1, '0a7bd047266b85b28bbd38ebc5fabc55', '999999999999', '18/04/2011', 1303056000, '', 0),
(30, 1, 1, '797082fb72936aed9e80620cfccc97e6', '999999999999', '18/07/2011', 1310918400, '', 0),
(31, 1, 2, 'df21d641abdd100701041544a54b8fd8', '999999999999', '01/09/2011', 1314806400, '01/09/2011', 1314806400),
(32, 1, 2, '3a2d46a371806423d15ed8f95d1be320', '999999999999', '02/08/2011', 1312214400, '02/08/2011', 1312214400),
(33, 1, 1, '3d315d323befe30733eeebabae532da3', '780728105477', '22/02/2011', 1298304000, '', 0),
(34, 1, 3, '0865cd93585c2bb63a80dbac89238226', '780728105477', '08/08/2011', 1312732800, '09/08/2011', 1312819200),
(51, 1, 1, '27b5c37112a2aecac603bd4a9ef5608b', '72102015126', '25/04/2011', 1303660800, '', 0),
(36, 1, 1, '733e4b46e918843e99a9f3589a54cfcf', '830924126171', '08/03/2011', 1299513600, '', 0),
(37, 1, 3, '9a66c0b54d1f3f9cb8778e97e44df696', '830924126171', '09/08/2011', 1312819200, '09/08/2011', 1312819200),
(38, 1, 2, '51b2aad06f1c4811e36a10477232864c', '880808080801', '05/09/2011', 1315198800, '05/09/2011', 1315198800),
(39, 1, 1, '03f69c193977443a1392f135623fa150', '780728105477', '12/04/2011', 1302537600, '', 0),
(40, 1, 2, '3920f4f80f2b9fe91b45c082219a2659', '780728105477', '11/05/2011', 1305090000, '11/05/2011', 1305090000),
(41, 1, 2, '3ec07fa9c2e52cb3125a854762bfce78', '780728105477', '06/09/2011', 1315285200, '06/09/2011', 1315285200),
(42, 1, 3, 'e4f5fb9d2241efbbecfd76a473dd46a2', '780728105477', '06/09/2011', 1315285200, '14/09/2011', 1315976400),
(43, 1, 2, '622c016cf3332a5fad59d7a059b4704a', '780728105477', '05/09/2011', 1315198800, '05/09/2011', 1315198800),
(44, 1, 2, '979ed2cf1d5112289b2682e1e3bf572e', '780728105477', '06/09/2011', 1315285200, '06/09/2011', 1315285200),
(54, 1, 2, 'ae5ba8fee0912614dd22222c913ae50c', '720901105041', '06/09/2011', 1315285200, '06/09/2011', 1315285200),
(53, 1, 2, 'bbddd67871ea0795997954dfbad03009', '72102015126', '08/09/2011', 1315458000, '08/09/2011', 1315458000),
(64, 1, 3, 'f9591be826cb6f82f3f0efe4da113a8f', '111111111111', '12/09/2011', 1315803600, '', 0),
(63, 1, 3, 'ed03f1078a0c4f0d957d6b3eefda76a9', '111111111111', '08/09/2011', 1315458000, '', 0),
(57, 1, 2, 'ca04d8e757f62c2f6e197e70905eae04', 'SUPERADMIN', '04/09/2011', 1315112400, '', 0),
(58, 1, 3, 'b0ed2cb499a308451a5997161f91386a', '444444444444', '05/09/2011', 1315198800, '', 0),
(59, 1, 3, '2eaa99b7998783ff5c469eb3f3a1618c', '444444444444', '01/09/2011', 1314853200, '', 0),
(60, 1, 3, '4fb489ae7b0bc8c79b2f7a0fa160539b', '444444444444', '14/09/2011', 1315976400, '', 0),
(61, 1, 3, 'ad6973d5c426b2a8e005d6bd950ba349', '444444444444', '29/12/2011', 1325138400, '', 0),
(62, 1, 1, 'b78b7609b280bef6490e982f7640ae0d', '444444444444', '30/12/2011', 1325224800, '', 0),
(66, 1, 2, '5e5ed2d8a9d06688f8586174aac1a97c', 'SUPERADMIN', '12/09/2011', 1315803600, '', 0),
(67, 1, 3, '1a8125688aafb263532d55d6d803a3a7', '333333333333', '20/09/2011', 1316494800, '', 0),
(68, 1, 1, '337b66d736a8d9fbfca6fb77e519b18e', '333333333333', '11/02/2011', 1297404000, '', 0),
(69, 1, 1, '3b7ce86a6334c3214cc02880cc88b1cc', '333333333333', '25/04/2011', 1303707600, '', 0),
(70, 1, 1, 'd69d24ccbfd878fc27e5f78f25528b3e', '333333333333', '12/09/2011', 1315803600, '', 0),
(71, 1, 2, '549cb8a10bef2f6c1344e6f47ce7cde0', 'SUPERADMIN', '05/09/2011', 1315198800, '', 0),
(79, 1, 2, 'bc3cb44bb55ca8d1d202f41645ef5f44', 'SUPERADMIN', '05/09/2011', 1315198800, '', 0),
(73, 1, 2, '59c1af1c957d6f654c19ee3a531f66dd', 'SUPERADMIN', '19/09/2011', 1316408400, '', 0),
(80, 1, 3, '5dc527776bd2ea87e406284ba9944a52', '555555555555', '19/09/2011', 1316408400, '', 0),
(78, 1, 1, 'a86d0b01975c518f5c7587d70ee77386', '555555555555', '16/02/2011', 1297836000, '', 0),
(76, 1, 1, '920e2b214219330936116562f2ba10b0', '111111111111', '18/04/2011', 1303102800, '', 0),
(77, 1, 2, 'fb08b6db1f6a562b9cb03ea7c788a6a5', 'SUPERADMIN', '05/09/2011', 1315198800, '', 0),
(81, 1, 1, 'fbb7317be26bf32bc0a35532ea9d8f00', '222222222222', '18/04/2011', 1303056000, '', 0),
(82, 1, 1, '743538f0cd624c590f53ea6b6780cef2', '222222222222', '25/04/2011', 1303707600, '', 0),
(83, 1, 1, 'b4e1c19987ab0eae193d09f1904bae4a', '780922055498', '06/02/2013', 1360105200, '', 0),
(84, 1, 1, 'e322fff305df3b733dc83cdb42ad8d23', '666666666666', '05/02/2013', 1360018800, '', 0),
(85, 1, 1, 'e90751691527f5d4df01ae9ed4fa910d', '666666666666', '21/02/2013', 1361401200, '', 0),
(86, 1, 1, 'ef1cbcc5d5beae8e0b60adebcc1a7601', '750922086131', '06/02/2013', 1360105200, '', 0),
(87, 1, 2, '665a5a920dc8c67bbcd8f853ee3b7dab', '870711495062', '26/02/2013', 1361833200, '', 0),
(88, 1, 1, 'd36e5ab03d83c98d117b089bae29c24c', '790330145405', '06/02/2013', 1360105200, '', 0),
(89, 1, 2, '67d3fa35c14c6bf705c4e6c0370c09fb', '870711495062', '26/02/2013', 1361833200, '', 0),
(90, 1, 2, 'c547af3a854da21303517334e5a990e0', '870711495062', '26/02/2013', 1361833200, '', 0),
(99, 1, 2, '1fd1cb0c788a1d7d6f43748f080405f1', '870711495062', '26/02/2013', 1361833200, '', 0),
(97, 1, 2, '8ab464ffb652a1e5258610bda209060f', '870711495062', '07/01/2013', 1357513200, '', 0),
(94, 1, 2, '348419c2e20d6c100587727c6b7021c7', '750216016531', '25/02/2013', 1361746800, '', 0),
(100, 1, 2, '6c5380c9b0520ae483436ae9f7329e4d', '870711495062', '05/03/2013', 1362438000, '', 0),
(101, 1, 2, '479b2bf10dbba735a82a75824e9cbf38', '780922055498', '26/02/2013', 1361833200, '', 0),
(102, 1, 1, '051f596598c23d60ac0a55be6e5b13e9', '650106035266', '11/03/2013', 1362956400, '', 0),
(103, 1, 1, '64f552c6709617cc74d9c6116786be33', '650106035266', '05/02/2013', 1360018800, '', 0),
(104, 1, 1, 'ef2de73ef17704172cbc0999d06f8077', '650106035266', '21/02/2013', 1361401200, '', 0);

-- --------------------------------------------------------

--
-- Table structure for table `sesi`
--

CREATE TABLE IF NOT EXISTS `sesi` (
  `sids` varchar(32) NOT NULL,
  `sdelete` int(1) NOT NULL DEFAULT '1',
  `sstatus` int(1) NOT NULL DEFAULT '1',
  `unokp` varchar(12) NOT NULL,
  `spada` int(11) NOT NULL,
  `sjenis` int(1) NOT NULL,
  `slain` varchar(255) NOT NULL,
  `stajuk` text NOT NULL,
  `sanjuran` text NOT NULL,
  `starikh` varchar(10) NOT NULL,
  `starikh2` int(11) NOT NULL,
  `stempat` varchar(255) NOT NULL,
  `swmula` varchar(10) NOT NULL,
  `swtamat` varchar(10) NOT NULL,
  `sjumlah` varchar(10) NOT NULL,
  `snota` text NOT NULL,
  `spelulus` varchar(12) NOT NULL,
  `stlulus` int(11) NOT NULL
) ENGINE=MyISAM DEFAULT CHARSET=latin1;

--
-- Dumping data for table `sesi`
--

INSERT INTO `sesi` (`sids`, `sdelete`, `sstatus`, `unokp`, `spada`, `sjenis`, `slain`, `stajuk`, `sanjuran`, `starikh`, `starikh2`, `stempat`, `swmula`, `swtamat`, `sjumlah`, `snota`, `spelulus`, `stlulus`) VALUES
('df21d641abdd100701041544a54b8fd8', 1, 2, '999999999999', 1315179045, 2, '', 'PERHIMPUNAN BULANAN JABATAN', 'ANjuran', '01/09/2011', 1314806400, 'JPA', '8', '8.5', '1', '', 'SUPERADMIN', 1315182578),
('3a2d46a371806423d15ed8f95d1be320', 1, 4, '999999999999', 1315004405, 1, '', 'Tajuk Ceramah', 'Anjuran ceramah', '02/08/2011', 1312214400, 'JPA', '8', '10', '2', '', 'SUPERADMIN', 1315182589),
('51b2aad06f1c4811e36a10477232864c', 1, 2, '880808080801', 1315447090, 2, '', 'PERHIMPUNAN BULANAN JABATAN', '', '05/09/2011', 1315198800, 'BILIK MESYUARAT JABATAN', '9', '12', '1', '', '880808080801', 1315447150),
('3920f4f80f2b9fe91b45c082219a2659', 1, 2, '780728105477', 1315453138, 2, '', 'PERHIMPUNAN BULANAN JABATAN mei', '', '11/05/2011', 1305090000, '', '8', '13.5', '1', '', '780728105477', 1315453164),
('3ec07fa9c2e52cb3125a854762bfce78', 1, 2, '780728105477', 1315453234, 3, '', 'PERHIMPUNAN BULANAN BAHAGIAN', '', '06/09/2011', 1315285200, '', '8', '13', '0.5', '', '780728105477', 1315453262),
('622c016cf3332a5fad59d7a059b4704a', 1, 2, '780728105477', 1315453404, 1, '', 'ceramah suzi', '', '05/09/2011', 1315198800, '', '8.5', '10.5', '2', '', '780728105477', 1315453424),
('979ed2cf1d5112289b2682e1e3bf572e', 1, 2, '780728105477', 1315453464, 1, '', 'ceramah suzi lagi', '', '06/09/2011', 1315285200, '', '8.5', '12', '3.5', '', '780728105477', 1315453680),
('bbddd67871ea0795997954dfbad03009', 1, 3, '72102015126', 1315475450, 5, '', 'apape je', '', '08/09/2011', 1315458000, '', '8', '8.5', '0.5', '', '720901105041', 1315475610),
('ae5ba8fee0912614dd22222c913ae50c', 1, 1, '720901105041', 1315537591, 5, '', 'GLC', '', '06/09/2011', 1315285200, 'TM BANGSAR', '8', '17.5', '9.5', '', '', 0),
('5e5ed2d8a9d06688f8586174aac1a97c', 1, 3, '333333333333', 1316814127, 2, '', 'PERHIMPUNAN BULANAN JABATAN', '', '12/09/2011', 1315803600, '', '8', '8.5', '1', '', 'SUPERADMIN', 1316848596),
('ca04d8e757f62c2f6e197e70905eae04', 1, 2, '444444444444', 1316499653, 5, '', 'tajuk mm', '', '04/09/2011', 1315112400, 'TEMPAT MM', '8', '17.5', '1', '', 'SUPERADMIN', 1316848608),
('549cb8a10bef2f6c1344e6f47ce7cde0', 1, 5, '333333333333', 1316819590, 3, '', 'PERHIMPUNAN BULANAN BAHAGIAN', '', '05/09/2011', 1315198800, '', '8', '8.5', '0.5', '', 'SUPERADMIN', 1316848571),
('59c1af1c957d6f654c19ee3a531f66dd', 1, 4, '333333333333', 1316819657, 5, '', 'mm', '', '19/09/2011', 1316408400, '', '8', '8.5', '1', '', 'SUPERADMIN', 1316848584),
('fb08b6db1f6a562b9cb03ea7c788a6a5', 1, 2, '111111111111', 1316839392, 5, '', 'Usahawan Tani', 'FAMA', '05/09/2011', 1315198800, 'TANJONG KARANG', '8', '17', '1', '', 'SUPERADMIN', 1316852138),
('bc3cb44bb55ca8d1d202f41645ef5f44', 1, 4, '555555555555', 1316875500, 2, '', 'PERHIMPUNAN BULANAN JABATAN', '', '05/09/2011', 1315198800, '', '8', '8.5', '1', '', 'SUPERADMIN', 1316879274),
('665a5a920dc8c67bbcd8f853ee3b7dab', 1, 2, '750922086131', 1361847216, 3, '', 'PERHIMPUNAN BULANAN BAHAGIAN', '', '26/02/2013', 1361833200, '', '8', '8.5', '0.5', '', '870711495062', 1361860618),
('67d3fa35c14c6bf705c4e6c0370c09fb', 1, 2, '790330145405', 1361932445, 3, '', 'PERHIMPUNAN BULANAN BAHAGIAN', '', '26/02/2013', 1361833200, '', '8', '9.5', '0.5', '', '870711495062', 1361955232),
('c547af3a854da21303517334e5a990e0', 1, 2, '870711495062', 1361955561, 2, '', 'PERHIMPUNAN BULANAN JABATAN', '', '26/02/2013', 1361833200, 'AUDITORIUM BLOK B1', '8', '9', '1', '', '870711495062', 1362012151),
('6c5380c9b0520ae483436ae9f7329e4d', 1, 4, '750922086131', 1362364991, 7, 'AA', 'aa', '', '05/03/2013', 1362438000, '', '8', '8.5', '0.5', 'abc', '870711495062', 1362365052),
('8ab464ffb652a1e5258610bda209060f', 1, 2, '870711495062', 1362120766, 1, '', 'PROGRAM KE ARAH PERKHIDMATAN CEMERLANG DAN CINTAILAH NEGARA KITA', '', '07/01/2013', 1357513200, 'DATARAN PERDANA PUTRA', '8', '8.5', '0.5', '', '870711495062', 1362127704),
('348419c2e20d6c100587727c6b7021c7', 1, 4, '750216016531', 1362016450, 1, '', 'PROGRAM KE ARAH PERKHIDMATAN CEMERLANG DAN CINTAILAH NEGARA KITA', '', '25/02/2013', 1361746800, '', '8', '8.5', '0.5', 'test', '750216016531', 1362016475),
('1fd1cb0c788a1d7d6f43748f080405f1', 1, 2, '750922086131', 1362364680, 2, '', 'PERHIMPUNAN BULANAN BERSAMA YBHG. DATUK TKSUK', '', '26/02/2013', 1361833200, '', '8', '8.5', '1', '', '870711495062', 1362364744),
('479b2bf10dbba735a82a75824e9cbf38', 1, 2, '780922055498', 1362448554, 2, '', 'PERHIMPUNAN BULANAN BERSAMA YBHG. DATUK TKSUK', '', '26/02/2013', 1361833200, 'AUDITORIUM B1', '8', '9', '1', '', '780922055498', 1362448593);

-- --------------------------------------------------------

--
-- Table structure for table `user`
--

CREATE TABLE IF NOT EXISTS `user` (
  `uids` varchar(32) NOT NULL,
  `ulevel` int(1) NOT NULL DEFAULT '3',
  `usah` int(1) NOT NULL DEFAULT '2',
  `utsah` int(11) NOT NULL,
  `udelete` int(1) NOT NULL DEFAULT '1',
  `unokp` varchar(12) NOT NULL,
  `upass` varchar(32) NOT NULL,
  `usoalan` varchar(255) NOT NULL,
  `ujawapan` varchar(255) NOT NULL,
  `uemail` varchar(255) NOT NULL,
  `unoid` varchar(255) NOT NULL,
  `unama` varchar(255) NOT NULL,
  `utpenempatan` varchar(255) NOT NULL,
  `pids` varchar(32) NOT NULL,
  `ugred` varchar(255) NOT NULL,
  `bids` varchar(32) NOT NULL,
  `utelefon` varchar(50) NOT NULL,
  `ubimbit` varchar(50) NOT NULL,
  `uselia` varchar(255) NOT NULL,
  `ujselia` varchar(255) NOT NULL,
  `ueselia` varchar(255) NOT NULL,
  `upada` int(11) NOT NULL,
  PRIMARY KEY (`unokp`)
) ENGINE=MyISAM DEFAULT CHARSET=latin1;

--
-- Dumping data for table `user`
--

INSERT INTO `user` (`uids`, `ulevel`, `usah`, `utsah`, `udelete`, `unokp`, `upass`, `usoalan`, `ujawapan`, `uemail`, `unoid`, `unama`, `utpenempatan`, `pids`, `ugred`, `bids`, `utelefon`, `ubimbit`, `uselia`, `ujselia`, `ueselia`, `upada`) VALUES
('647b49d1a15d6222d3ef2fa86e5ed486', 1, 1, 1, 1, 'SUPERADMIN', '84f23bef1ad08f26b2fa4c41492ad28f', 'Apo?', 'OK', 'MZAKIMY2@GMAIL.COM', '', 'SUPER ADMIN', '', '0dea02fbd51d820eb2bda746b091ef22', 'N17', 'b6c11593bdcee3c3a1af1093a88a38e0', '', '', '', '', '', 1),
('fae9667d5dd641a594ebd579dd200db1', 3, 1, 0, 1, '810118045066', 'e5d379b58fc99a370c515c447916a46d', 'abc123', 'ABC123', 'FAUZIAH.ISTIADAT@1GOVUC.GOV.MY', '', 'FAUZIAH BINTI SABTU', '', '20405c7381b398df48ca54fe3039ee45', 'N1', '0c63d083b12b7272ccfde6dcfd16013f', '', '', '', '', '', 1361169634),
('91e84abb5519b308a1ba1866a6c9b5d2', 2, 1, 0, 1, '870711495062', 'cb1bc3c81b1819ff1ca494e0397ed8e5', 'abc123', 'ABC123', 'DORA.ISTIADAT@1GOVUV.GOV.MY', '', 'DORA PERADA BERNADUS', '', '0dea02fbd51d820eb2bda746b091ef22', 'N17', '55b615a2763053eca198c7fee078ffec', '', '', 'AHMAD MUZAFFAR BIN AHMAD BAKRI', '', '', 1361157476),
('19f1e291cdcd7f36d718957cd1c31dc8', 2, 1, 0, 1, '780922055498', 'c46f08995c2c084680c4fc64200e0016', 'abc123', 'ABC123', 'NURALIZA.ISTIADAT@1GOVUC.GOV.MY', '780922055498', 'NURALIZA BT ABDUL KHALIT', '', 'd6e665a384cd9b3422c89afcf7fdcacf', 'F41', 'a9a5053fdf71824225e4e3f5a1527be1', '88726646', '0133392164', '', '', '', 1361155499),
('a71c2443779372a73a2fd9958a2cdbfc', 1, 1, 0, 1, '750216016531', '93b9a74cd721aeb2844ba6b852baa16c', 'Alpha,Number,Dollar', 'ABCD123$', 'MOHDFAIZAL.ISTIADAT@1GOVUC.GOV.MY', '', 'MOHD FAIZAL BIN AMAT', '', '0dea02fbd51d820eb2bda746b091ef22', 'F32', 'a9a5053fdf71824225e4e3f5a1527be1', '', '', '', '', '', 1360738975),
('003e3334aea0bd0e60230187dc6f36c9', 3, 1, 0, 1, '830608065359', 'e5d379b58fc99a370c515c447916a46d', 'abc123', 'ABC123', 'SHISHAM.ISTIADAT@1GOVUC.GOV.MY', '', 'SHAHRUL HISHAM BIN MAT SAFAR', '', '0dea02fbd51d820eb2bda746b091ef22', 'J17', '0c63d083b12b7272ccfde6dcfd16013f', '', '', '', '', '', 1361169773),
('6cbe500d829d734c1a93d15031b2841e', 3, 1, 0, 1, '800215105944', 'e5d379b58fc99a370c515c447916a46d', 'abc123', 'ABC123', 'JAMEELAH.ISTIADAT@1GOVUC.GOV.MY', '', 'MARIAM JAMEELAH BINTI IZHAM', '', '0dea02fbd51d820eb2bda746b091ef22', 'N27', '55b615a2763053eca198c7fee078ffec', '', '', '', '', '', 1361158479),
('e6c69d90f8e92be3bafbf5878d7175ce', 3, 1, 0, 1, '811019035908', 'e5d379b58fc99a370c515c447916a46d', 'abc123', 'ABC123', 'NORAINIS.ISTIADAT@1GOVUC.GOV.MY', '', 'NOR AINI BINTI ISMAIL', '', '0dea02fbd51d820eb2bda746b091ef22', 'N17', '55b615a2763053eca198c7fee078ffec', '', '', '', '', '', 1361158584),
('2f3d0b6145f39d5a1757414df3e7c97c', 3, 1, 0, 1, '820803085620', 'e5d379b58fc99a370c515c447916a46d', 'abc123', 'ABC123', 'ROSLIZAWATI.ISTIADAT@1GOVUC.GOV.MY', '', 'ROSLIZAWATI BINTI MAT NAYAN', '', '0dea02fbd51d820eb2bda746b091ef22', 'N17', '55b615a2763053eca198c7fee078ffec', '', '', '', '', '', 1361158654),
('26b975beaab3dc0f98a20dbfad6035e2', 3, 1, 0, 1, '850416065176', 'e5d379b58fc99a370c515c447916a46d', 'abc123', 'ABC123', 'NURULAZWA.ISTIADAT@1GOVUC.GOV.MY', '', 'NURUL AZWA BINTI MOHAMAD KASSIM', '', '20405c7381b398df48ca54fe3039ee45', 'N1', '55b615a2763053eca198c7fee078ffec', '', '', '', '', '', 1361158752),
('38e58851939aa005396249a036c86499', 2, 1, 0, 1, '750922086131', '3f89347b08d582b64e7cc5870371808a', 'abc123', 'ABC123', 'MUZAFFAR.ISTIADAT@1GOVUC.GOV.MY', '', 'AHMAD MUZAFFAR BIN AHMAD BAKRI', '', 'd6e665a384cd9b3422c89afcf7fdcacf', 'M41', '55b615a2763053eca198c7fee078ffec', '', '', '', '', '', 1361158846),
('5f2e37d55e7cb4873142e2ed52a1796d', 3, 1, 0, 1, '811021115499', 'e5d379b58fc99a370c515c447916a46d', 'abc123', 'ABC123', 'HAFIZS.ISTIADAT@1GOVUC.GOV.MY', '', 'MOHD HAFIZ SHAMSANI BIN OTHMAN', '', 'd6e665a384cd9b3422c89afcf7fdcacf', 'M44', '0c63d083b12b7272ccfde6dcfd16013f', '', '', '', '', '', 1361159022),
('aab386c5ffc18fb61d49a7367653f8e5', 3, 1, 0, 1, '800528025325', 'e5d379b58fc99a370c515c447916a46d', 'abc123', 'ABC123', 'MHAFEEZ.ISTIADAT@1GOVUC.GOV.MY', '', 'MOHD. HAFEEZ BIN ZAKARIA', '', '0dea02fbd51d820eb2bda746b091ef22', 'N32', '0c63d083b12b7272ccfde6dcfd16013f', '', '', '', '', '', 1361159147),
('e4f0627401266f9e26ff3d6abc6c22e9', 3, 1, 0, 1, '560616015725', 'e5d379b58fc99a370c515c447916a46d', 'abc123', 'ABC123', 'BAHNAN.ISTIADAT@1GOVUC.GOV.MY', '', 'HJ. BAHNAN BIN OTHMAN', '', '0dea02fbd51d820eb2bda746b091ef22', 'N22', '0c63d083b12b7272ccfde6dcfd16013f', '', '', '', '', '', 1361159232),
('6fd38dd52b6eef43e344b5e8f768f9b5', 3, 1, 0, 1, '551009095001', 'e5d379b58fc99a370c515c447916a46d', 'abc123', 'ABC123', 'AZMI.ISTIADAT@1GOVUC.GOV.MY', '', 'AZMI BIN ISMAIL', '', '0dea02fbd51d820eb2bda746b091ef22', 'N17', '0c63d083b12b7272ccfde6dcfd16013f', '', '', '', '', '', 1361159328),
('5436c012e21953a16b55476c15a7688c', 3, 1, 0, 1, '710125115183', 'e5d379b58fc99a370c515c447916a46d', 'abc123', 'ABC123', 'HAMIZU.ISTIADAT@1GOVUC.GOV.MY', '', 'KHAIRUL HAMIZU BIN YUSOF', '', '0dea02fbd51d820eb2bda746b091ef22', 'N17', '0c63d083b12b7272ccfde6dcfd16013f', '', '', '', '', '', 1361159424),
('ca126812e670347283aa21cd9672cdf1', 3, 1, 0, 1, '790925015052', 'e5d379b58fc99a370c515c447916a46d', 'abc123', 'ABC123', 'SYARIFAH.ISTIADAT@1GOVUC.GOV.MY', '', 'SYARIFAH ZARAHLI BINTI SYED ZIN', '', '0dea02fbd51d820eb2bda746b091ef22', 'N17', '0c63d083b12b7272ccfde6dcfd16013f', '', '', '', '', '', 1361159539),
('397412f693f744b41838b5ff4871cba9', 3, 1, 0, 1, '870608065056', 'e5d379b58fc99a370c515c447916a46d', 'abc123', 'ABC123', 'AZIEAMIRA.ISTIADAT@1GOVUC.GOV.MY', '', 'AZIE AMIRA BINTI JOHARI', '', '0dea02fbd51d820eb2bda746b091ef22', 'N17', '0c63d083b12b7272ccfde6dcfd16013f', '', '', '', '', '', 1361159682),
('ef5e3f8570ca2ac40e4fbaa43586568d', 3, 1, 0, 1, '870331295069', 'e5d379b58fc99a370c515c447916a46d', 'abc123', 'ABC123', 'AZRRAY.ISTIADAT@1GOVUC.GOV.MY', '', 'MOHD AZRREY BIN ABDUL AZIZ', '', '0dea02fbd51d820eb2bda746b091ef22', 'N17', '0c63d083b12b7272ccfde6dcfd16013f', '', '', '', '', '', 1361159758),
('8357b57020a50fb79ed6dd0f69936fba', 3, 1, 0, 1, '571225055088', 'e5d379b58fc99a370c515c447916a46d', 'abc123', 'ABC123', 'ROHAYA.ISTIADAT@1GOVUC.GOV.MY', '', 'ROHAYA BINTI MOHD. NOR', '', '0dea02fbd51d820eb2bda746b091ef22', 'N17', '0c63d083b12b7272ccfde6dcfd16013f', '', '', '', '', '', 1361159836),
('3fa3a48b1de4e603b6a6169886c60ada', 3, 1, 0, 1, '860327436253', 'e5d379b58fc99a370c515c447916a46d', 'abc123', 'ABC123', 'MOHDRAZIF.ISTIADAT@1GOVUC.GOV.MY', '', 'MOHD. RAZIF BIN RAZALI', '', '20405c7381b398df48ca54fe3039ee45', 'N1', '0c63d083b12b7272ccfde6dcfd16013f', '', '', '', '', '', 1361159963),
('5e746f6607555dffe45395d55ed875d8', 3, 1, 0, 1, '820412115300', 'e5d379b58fc99a370c515c447916a46d', 'abc123', 'ABC123', 'YUSMAYANTI.ISTIADAT@1GOVUC.GOV.MY', '', 'NURYUSMAYANTI BINTI YUSOF', '', '0dea02fbd51d820eb2bda746b091ef22', 'N17', '0c63d083b12b7272ccfde6dcfd16013f', '', '', '', '', '', 1361170180),
('54f7c721bed25557915040fed5f8d3a3', 3, 1, 0, 1, '660307115333', 'e5d379b58fc99a370c515c447916a46d', 'abc123', 'ABC123', 'ALIASD.ISTIADAT@1GOVUC.GOV.MY', '', 'ALIAS BIN DERAMAN', '', '0dea02fbd51d820eb2bda746b091ef22', 'N32', '0c63d083b12b7272ccfde6dcfd16013f', '', '', '', '', '', 1361170584),
('9d2547c81ac8c5b7e96e7e137af9a5e7', 3, 1, 0, 1, '610920075063', 'e5d379b58fc99a370c515c447916a46d', 'abc123', 'ABC123', 'IBS.ISTIADAT@1GOVUC.GOV.MY', '', 'HJ. ISHAK BIN HJ. SAID', '', '0dea02fbd51d820eb2bda746b091ef22', 'W22', '0c63d083b12b7272ccfde6dcfd16013f', '', '', '', '', '', 1361170644),
('f3d77e1bfae7e838f9897507ddbe2f5d', 3, 1, 0, 1, '861204386246', 'e5d379b58fc99a370c515c447916a46d', 'abc123', 'ABC123', 'ILIA.ISTIADAT@1GOVUC.GOV.MY', '', 'ILIA BINTI CHE WAIL', '', '0dea02fbd51d820eb2bda746b091ef22', 'W27', '0c63d083b12b7272ccfde6dcfd16013f', '', '', '', '', '', 1361170846),
('0c2e894a68df5e27619c6eb14870220c', 3, 1, 0, 1, '841013055227', 'e5d379b58fc99a370c515c447916a46d', 'abc123', 'ABC123', 'HAFISKEW.ISTIADAT@1GOVUC.GOV.MY', '', 'MOHD HAFIS BIN SULAIMAN', '', '0dea02fbd51d820eb2bda746b091ef22', 'W17', '0c63d083b12b7272ccfde6dcfd16013f', '', '', '', '', '', 1361170945),
('0ee406ef2ba983e4aa809d8088de7014', 3, 1, 0, 1, '820729035360', 'e5d379b58fc99a370c515c447916a46d', 'abc123', 'ABC123', 'ROSMINI.ISTIADAT@1GOVUC.GOV.MY', '', 'ROSMINI BINTI OMAR', '', '0dea02fbd51d820eb2bda746b091ef22', 'W17', '0c63d083b12b7272ccfde6dcfd16013f', '', '', '', '', '', 1361171036),
('90ff8f6324b8ed2f0123db06b037a01f', 3, 1, 0, 1, '840506145162', 'e5d379b58fc99a370c515c447916a46d', 'abc123', 'ABC123', 'BASHAH.ISTIADAT@1GOVUC.GOV.MY', '', 'BASHAH MASLINDA BINTI BAHARUDIN', '', '0dea02fbd51d820eb2bda746b091ef22', 'W17', '0c63d083b12b7272ccfde6dcfd16013f', '', '', '', '', '', 1361171116),
('167deb50d476352dadaaa67a5e65d4b1', 3, 1, 0, 1, '580322075050', 'e5d379b58fc99a370c515c447916a46d', 'abc123', 'ABC123', 'LATIFAH.ISTIADAT@1GOVUC.GOV.MY', '', 'LATIFAH BINTI OTHMAN', '', '0dea02fbd51d820eb2bda746b091ef22', 'W17', '0c63d083b12b7272ccfde6dcfd16013f', '', '', '', '', '', 1361171205),
('700ae1d45526597f2b8bb8633145167c', 3, 1, 0, 1, '840907115378', 'e5d379b58fc99a370c515c447916a46d', 'abc123', 'ABC123', 'NAJMIAH.ISTIADAT@1GOVUC.GOV.MY', '', 'WAN NAJMIAH BINTI WAN ISMAIL', '', '0dea02fbd51d820eb2bda746b091ef22', 'W17', '0c63d083b12b7272ccfde6dcfd16013f', '', '', '', '', '', 1361171348),
('e52dee88aea03c8f8edbcf3ca7bc951c', 3, 1, 0, 1, '870118035014', 'e5d379b58fc99a370c515c447916a46d', 'abc123', 'ABC123', 'AZIZAH.ISTIADAT@1GOVUC.GOV.MY', '', 'NIK AZIZAH BINTI NIK HASAN', '', '0dea02fbd51d820eb2bda746b091ef22', 'W17', '0c63d083b12b7272ccfde6dcfd16013f', '', '', '', '', '', 1361171415),
('ac2f6940d847ec3e4ee5e2cad9bc01cb', 3, 1, 0, 1, '870820305002', 'e5d379b58fc99a370c515c447916a46d', 'abc123', 'ABC123', 'RAZILAH.ISTIADAT@1GOVUC.GOV.MY', '', 'RAZILAH BINTI RAZALI', '', '20405c7381b398df48ca54fe3039ee45', 'N1', '0c63d083b12b7272ccfde6dcfd16013f', '', '', '', '', '', 1361171480),
('eaa27250d330730531aaec94d9452204', 3, 1, 0, 1, '810807705010', 'e5d379b58fc99a370c515c447916a46d', 'abc123', 'ABC123', 'NURANISAH.ISTIADAT@1GOVUC.GOV.MY', '', 'NURANISAH BINTI MOHAMMAD', '', 'd6e665a384cd9b3422c89afcf7fdcacf', 'M41', 'd0fb09cecc86e38a714f01aaa0c806b7', '', '', '', '', '', 1361171633),
('d5aa0452c9c7703d2ec9773f6e308a1f', 3, 1, 0, 1, '650417065569', 'e5d379b58fc99a370c515c447916a46d', 'abc123', 'ABC123', 'AHMADDAN.ISTIADAT@1GOVUC.GOV.MY', '', 'HJ. AHMAD DAN BIN SETAFA', '', '0dea02fbd51d820eb2bda746b091ef22', 'N32', 'd0fb09cecc86e38a714f01aaa0c806b7', '', '', '', '', '', 1361171702),
('56c648ee1f3ebab81e334ee281e8f856', 3, 1, 0, 1, '600730106165', 'e5d379b58fc99a370c515c447916a46d', 'abc123', 'ABC123', 'DUAN.ISTIADAT@1GOVUC.GOV.MY', '', 'REDDUAN BIN A. SAMAD', '', '0dea02fbd51d820eb2bda746b091ef22', 'N17', 'd0fb09cecc86e38a714f01aaa0c806b7', '', '', '', '', '', 1361171785),
('4c1f0f74300213620bdc55a5fe9497ff', 3, 1, 0, 1, '880110115318', 'e5d379b58fc99a370c515c447916a46d', 'abc123', 'ABC123', 'FUZIRA.ISTIADAT@1GOVUC.GOV.MY', '', 'NURFUZIRA BINTI MOHD. PAZILAH', '', '0dea02fbd51d820eb2bda746b091ef22', 'N17', 'd0fb09cecc86e38a714f01aaa0c806b7', '', '', '', '', '', 1361171852),
('5cf27875d2283f2e354f280ba42869df', 3, 1, 0, 1, '650623055265', 'e5d379b58fc99a370c515c447916a46d', 'abc123', 'ABC123', 'MOHDSHAH.ISTIADAT@1GOVUC.GOV.MY', '', 'MOHD SHAH BIN ISMAIL', '', '0dea02fbd51d820eb2bda746b091ef22', 'N27', '4630ecce2a4455b987ead03d327116d8', '', '', '', '', '', 1361171965),
('76316f3d41005a108961780176ef4ca3', 3, 1, 0, 1, '851230145762', 'e5d379b58fc99a370c515c447916a46d', 'abc123', 'ABC123', 'AINUR.ISTIADAT@1GOVUC.GOV.MY', '', 'AINUR NADIA BINTI ZAKARIA', '', '0dea02fbd51d820eb2bda746b091ef22', 'N27', '4630ecce2a4455b987ead03d327116d8', '', '', '', '', '', 1361172043),
('96fedff33ded8f2d5a0fd5170ffe28dc', 3, 1, 0, 1, '720719016805', 'e5d379b58fc99a370c515c447916a46d', 'abc123', 'ABC123', 'HALIM.ISTIADAT@1GOVUC.GOV.MY', '', 'ABDUL HALIM BIN TEH', '', '20405c7381b398df48ca54fe3039ee45', 'N4', '4630ecce2a4455b987ead03d327116d8', '', '', '', '', '', 1361172264),
('0d7baf0caf196e5b0553feeb19facfc9', 3, 1, 0, 1, '560814105887', 'e5d379b58fc99a370c515c447916a46d', 'abc123', 'ABC123', 'BAHAROMMY.ISTIADAT@1GOVUC.GOV.MY', '', 'BAHAROM BIN MOHD. YUSOF', '', '20405c7381b398df48ca54fe3039ee45', 'N4', '4630ecce2a4455b987ead03d327116d8', '', '', '', '', '', 1361172358),
('ac02c5119b999f6eec192d775b8abcc8', 3, 1, 0, 1, '610906115081', 'e5d379b58fc99a370c515c447916a46d', 'abc123', 'ABC123', 'RAZAK.ISTIADAT@1GOVUC.GOV.MY', '', 'ABDUL RAZAK BIN ABDUL HAMID', '', '20405c7381b398df48ca54fe3039ee45', 'N4', '4630ecce2a4455b987ead03d327116d8', '', '', '', '', '', 1361172477),
('c888d16705280ac307cbc03cab181f9c', 3, 1, 0, 1, '770922086973', 'e5d379b58fc99a370c515c447916a46d', 'abc123', 'ABC123', 'RIZAL.ISTIADAT@1GOVUC.GOV.MY', '', 'MOHD RIZAL BIN MOHD SARPAN', '', '0dea02fbd51d820eb2bda746b091ef22', 'J17', '4630ecce2a4455b987ead03d327116d8', '', '', '', '', '', 1361172582),
('7e6f93247efad9ec7e2e0583f1a9750a', 3, 1, 0, 1, '870722115395', 'e5d379b58fc99a370c515c447916a46d', 'abc123', 'ABC123', 'SYED.WALI.JPM@1GOVUC.GOV.MY', '', 'SYED ABDUL WALI BIN SYED BUNI YAMIN', '', '0dea02fbd51d820eb2bda746b091ef22', 'N17', '4630ecce2a4455b987ead03d327116d8', '', '', '', '', '', 1361173278),
('30d50744f6fc42f3126d86bd464cb39f', 3, 1, 0, 1, '781212135017', 'e5d379b58fc99a370c515c447916a46d', 'abc123', 'ABC123', 'CALVIN.ISTIADAT@1GOVUC.GOV.MY', '', 'CALVIN CHANG SING HUI', '', '0dea02fbd51d820eb2bda746b091ef22', 'N17', '4630ecce2a4455b987ead03d327116d8', '', '', '', '', '', 1361173366),
('17e845676bce7fd72b9830d32b3e6c17', 3, 1, 0, 1, '560117055378', 'e5d379b58fc99a370c515c447916a46d', 'abc123', 'ABC123', 'NORAINI.ISTIADAT@1GOVUC.GOV.MY', '', 'NORAINI BINTI ABU BAKAR', '', '0dea02fbd51d820eb2bda746b091ef22', 'N17', '4630ecce2a4455b987ead03d327116d8', '', '', '', '', '', 1361173429),
('d6d0f4be6225ffbde1af3f7ebdeff4cc', 3, 1, 0, 1, '740726105631', 'e5d379b58fc99a370c515c447916a46d', 'abc123', 'ABC123', 'MAZNAN.ISTIADAT@1GOVUC.GOV.MY', '', 'MAZNAN BIN MOHD JAMIL', '', '20405c7381b398df48ca54fe3039ee45', 'N1', '4630ecce2a4455b987ead03d327116d8', '', '', '', '', '', 1361173499),
('da06fc1f5bc30978f71ae986190d7b90', 3, 1, 0, 1, '550813105851', 'e5d379b58fc99a370c515c447916a46d', 'abc123', 'ABC123', 'JUNAIDI.ISTIADAT@1GOVUC.GOV.MY', '', 'JUNAIDI BIN ABD. RAHMAN', '', '0dea02fbd51d820eb2bda746b091ef22', 'N32', '4630ecce2a4455b987ead03d327116d8', '', '', '', '', '', 1361173621),
('8cd69ddf80e62d1f93047f622af602dd', 3, 1, 0, 1, '720725015687', 'e5d379b58fc99a370c515c447916a46d', 'abc123', 'ABC123', 'ABDRASHID.ISTIADAT@1GOVUC.GOV.MY', '', 'ABD. RASHID BIN MD. NOR', '', '0dea02fbd51d820eb2bda746b091ef22', 'N27', '4630ecce2a4455b987ead03d327116d8', '', '', '', '', '', 1361173703),
('7d8ad870fca18ce20508bee2064d3ae9', 3, 1, 0, 1, '850607085946', 'e5d379b58fc99a370c515c447916a46d', 'abc123', 'ABC123', 'KOKILA.ISTIADAT@1GOVUC.GOV.MY', '', 'KOKILA A/P SANDRASEGARAM', '', '0dea02fbd51d820eb2bda746b091ef22', 'N17', '4630ecce2a4455b987ead03d327116d8', '', '', '', '', '', 1361173771),
('610e9b396a611cc0a35158d0755dbb22', 3, 1, 0, 1, '830930045487', 'e5d379b58fc99a370c515c447916a46d', 'abc123', 'ABC123', 'KHAIROL.ISTIADAT@1GOVUC.GOV.MY', '', 'MOHAMAD KHAIROL BIN RAMLAN RAGAWAN', '', '20405c7381b398df48ca54fe3039ee45', 'N1', '4630ecce2a4455b987ead03d327116d8', '', '', '', '', '', 1361173870),
('9d914b63b1ff69d057ef4062c929ef61', 3, 1, 0, 1, '810820085965', 'e5d379b58fc99a370c515c447916a46d', 'abc123', 'ABC123', 'SHARILF.ISTIADAT@1GOVUC.GOV.MY', '', 'MUHD. SHAHRILFAIZAIL BIN ABDUL HAMID', '', 'd6e665a384cd9b3422c89afcf7fdcacf', 'M41', '4630ecce2a4455b987ead03d327116d8', '', '', '', '', '', 1361173935),
('ce542e9025a0f610344fd9fcd0632d76', 3, 1, 0, 1, '830830115775', 'e5d379b58fc99a370c515c447916a46d', 'abc123', 'ABC123', 'HANAFIAH.ISTIADAT@1GOVUC.GOV.MY', '', 'MOHD. HANAFIAH BIN MOKTAR', '', 'd6e665a384cd9b3422c89afcf7fdcacf', 'M44', '891ca437d641d8cb8304d985d545d3b8', '', '', '', '', '', 1361174016),
('afea0c42ce260063f9482e0de07dd401', 3, 1, 0, 1, '590823015231', 'e5d379b58fc99a370c515c447916a46d', 'abc123', 'ABC123', 'MSALLEH.ISTIADAT@1GOVUC.GOV.MY', '', 'MOHAMAD SALLEH BIN LASIM', '', '0dea02fbd51d820eb2bda746b091ef22', 'N32', '891ca437d641d8cb8304d985d545d3b8', '', '', '', '', '', 1361174071),
('fcfd29684d77f75eec5169b7e6ff88e0', 3, 1, 0, 1, '800526045007', 'e5d379b58fc99a370c515c447916a46d', 'abc123', 'ABC123', 'IRWAN.ISTIADAT@1GOVUC.GOV.MY', '', 'IRWAN BIN MOHAMAD', '', '0dea02fbd51d820eb2bda746b091ef22', 'N32', '891ca437d641d8cb8304d985d545d3b8', '', '', '', '', '', 1361174147),
('62fd04f1b4873b45b16752226420f197', 3, 1, 0, 1, '610619025374', 'e5d379b58fc99a370c515c447916a46d', 'abc123', 'ABC123', 'HAMIDAH_M.ISTIADAT@1GOVUC.GOV.MY', '', 'HAMIDAH BINTI MUSTAFA', '', '0dea02fbd51d820eb2bda746b091ef22', 'N22', '891ca437d641d8cb8304d985d545d3b8', '', '', '', '', '', 1361174221),
('692bef4ec02c72952487f7024139ed60', 3, 1, 0, 1, '840229075193', 'e5d379b58fc99a370c515c447916a46d', 'abc123', 'ABC123', 'BADRUL.ISTIADAT@1GOVUC.GOV.MY', '', 'BADRUL HISHAM BIN ABDUL GHANI', '', '0dea02fbd51d820eb2bda746b091ef22', 'N17', '891ca437d641d8cb8304d985d545d3b8', '', '', '', '', '', 1361174280),
('72ad65470442c6eb626c362586f1c536', 3, 1, 0, 1, '861223565821', 'e5d379b58fc99a370c515c447916a46d', 'abc123', 'ABC123', 'MOHDAZIZUL.ISTIADAT@1GOVUC.GOV.MY', '', 'MOHD. AZIZUL BIN MD. ZULKIFLI', '', '0dea02fbd51d820eb2bda746b091ef22', 'N17', '891ca437d641d8cb8304d985d545d3b8', '', '', '', '', '', 1361174353),
('728ade654724dcc2dca506bca9bd2ca4', 3, 1, 0, 1, '871121045090', 'e5d379b58fc99a370c515c447916a46d', 'abc123', 'ABC123', 'EKIN.ISTIADAT@1GOVUC.GOV.MY', '', 'NURUL HASEKIN BINTI OMAR', '', '0dea02fbd51d820eb2bda746b091ef22', 'N17', '891ca437d641d8cb8304d985d545d3b8', '', '', '', '', '', 1361174423),
('a58354ad9880236e0c204b74db7d798c', 3, 1, 0, 1, '860114305372', 'e5d379b58fc99a370c515c447916a46d', 'abc123', 'ABC123', 'MASLINA.ISTIADAT@1GOVUC.GOV.MY', '', 'MASLINA BINTI KAMARUDIN', '', '0dea02fbd51d820eb2bda746b091ef22', 'N17', '891ca437d641d8cb8304d985d545d3b8', '', '', '', '', '', 1361174480),
('b1ba51ad8af1aa5571c6cf3ce6eabfc0', 3, 1, 0, 1, '691109105611', 'e5d379b58fc99a370c515c447916a46d', 'abc123', 'ABC123', 'SHAHUDIN.ISTIADAT@1GOVUC.GOV.MY', '', 'AHMAD SHAHUDDIN SHAH BIN SULAIMAN', '', '20405c7381b398df48ca54fe3039ee45', 'N4', '891ca437d641d8cb8304d985d545d3b8', '', '', '', '', '', 1361174584),
('5aa50e5a66848465504cf7aba0a26bc0', 3, 1, 0, 1, '861223335356', 'e5d379b58fc99a370c515c447916a46d', 'abc123', 'ABC123', 'NORHIDAYAH.ISTIADAT@1GOVUC.GOV.MY', '', 'NOR HIDAYAH BINTI ABDUL HAMID', '', '0dea02fbd51d820eb2bda746b091ef22', 'N27', '891ca437d641d8cb8304d985d545d3b8', '', '', '', '', '', 1361174679),
('26ec5f49d7bfa9344bb38a24b89c224f', 3, 1, 0, 1, '810924085978', 'e5d379b58fc99a370c515c447916a46d', 'abc123', 'ABC123', 'MASHITAH.ISTIADAT@1GOVUC.GOV.MY', '', 'MASHITAH BINTI USUF', '', '0dea02fbd51d820eb2bda746b091ef22', 'N17', '4630ecce2a4455b987ead03d327116d8', '', '', '', '', '', 1361174855),
('10ff3605df519e1892e8c74fd7bd6bfc', 3, 1, 0, 1, '820307135289', 'e5d379b58fc99a370c515c447916a46d', 'abc123', 'ABC123', 'AZERY.ISTIADAT@1GOVUC.GOV.MY', '', 'AZERY BIN SAKAWI', '', 'd6e665a384cd9b3422c89afcf7fdcacf', 'M48', '891ca437d641d8cb8304d985d545d3b8', '', '', '', '', '', 1361175304),
('5144ac28a28ab1e9f8244104245db8e9', 3, 1, 0, 1, '620404015741', 'e5d379b58fc99a370c515c447916a46d', 'abc123', 'ABC123', 'KAMIS.ISTIADAT@1GOVUC.GOV.MY', '', 'KAMIS BIN SAMIN', '', 'acf4f05c7e9821b3d980e4e4e0b178f9', 'M54', '96c263baff3442ede8e96e2990b7ae33', '', '', '', '', '', 1361345725),
('381cded2288cc21d0e1f2d3e2fec4b47', 3, 1, 0, 1, '540415035094', 'e5d379b58fc99a370c515c447916a46d', 'abc123', 'ABC123', 'WANHAMIDAH.ISTIADAT@1GOVUC.GOV.MY', '', 'WAN HAMIDAH BINTI WAN IBRAHIM', '', 'acf4f05c7e9821b3d980e4e4e0b178f9', 'JUSA', 'a72ea7f421b0d6efc46e846be59fcbf8', '', '', '', '', '', 1361348328),
('1337920354c9e26abc6ef3ed452e7530', 3, 1, 0, 1, '700119025449', 'e5d379b58fc99a370c515c447916a46d', 'abc123', 'ABC123', 'VALLU@PICC.GOV.MY', '', 'VALLUVAN A/L VELOO', '', 'd6e665a384cd9b3422c89afcf7fdcacf', 'M54', '08ec3e70ccaf0098e41220f717a70d5c', '', '', '', '', '', 1361348555),
('e931e4e5f5a6bf54989c794af0b1ee89', 3, 1, 0, 1, '790330145405', 'e5d379b58fc99a370c515c447916a46d', 'abc123', 'ABC123', 'SHAHMAN.ISTIADAT@1GOVUV.GOV.MY', '', 'SHAHMAN BIN JALALUDIN', '', 'd6e665a384cd9b3422c89afcf7fdcacf', 'M48', '3632dd2575c3b5f14d334962cbb0669a', '', '', '', '', '', 1361348649),
('90b5c1f374a2754dc850b327d2f92960', 3, 1, 0, 1, '790427035624', 'e5d379b58fc99a370c515c447916a46d', 'abc123', 'ABC123', 'ROSLIANA.ISTIADAT@1GOVUC.GOV.MY', '', 'ROSLIANA BINTI MOHAMED', '', 'd6e665a384cd9b3422c89afcf7fdcacf', 'M48', '4e27c09ece9961416ea47204fc4b8c17', '', '', '', '', '', 1361348732),
('86c13ff32f367a27373a4d8c6808f1cc', 3, 1, 0, 1, '830510086290', 'e5d379b58fc99a370c515c447916a46d', 'abc123', 'ABC123', 'JAMILIA.ISTIADAT@1GOVUC.GOV.MY', '', 'JAMILIA HASNOR BINTI JAMALLUDIN', '', 'd6e665a384cd9b3422c89afcf7fdcacf', 'M44', '4e27c09ece9961416ea47204fc4b8c17', '', '', '', '', '', 1361348954),
('270b3a19dfd9fda6b881b25427d615f2', 3, 1, 0, 1, '721203086087', 'e5d379b58fc99a370c515c447916a46d', 'abc123', 'ABC123', 'RUTHRA@PICC.GOV.MY', '', 'RUTHRA MOORTHI A/L SUPERAMENIAM', '', 'd6e665a384cd9b3422c89afcf7fdcacf', 'W44', 'c60ae3df719cf28368a3d367ec2f785b', '', '', '', '', '', 1361349017),
('c43701e5de1ec7d4a42d04a7a63e1da5', 3, 1, 0, 1, '801205135022', 'e5d379b58fc99a370c515c447916a46d', 'abc123', 'ABC123', 'SALMIAH@PICC.GOV.MY', '', 'SALMIAH BINTI SELAMAN', '', 'd6e665a384cd9b3422c89afcf7fdcacf', 'M44', '685feb258a4551cac8de6cdf913d17a1', '', '', '', '', '', 1361349125),
('bd0e35757cae91fb3cb693618ce3c44e', 3, 1, 0, 1, '810522025139', 'e5d379b58fc99a370c515c447916a46d', 'abc123', 'ABC123', 'ABDAZIZ@PICC.GOV.MY', '', 'ABDUL AZIZ BIN MAHAMAD ZABIDIN', '', 'd6e665a384cd9b3422c89afcf7fdcacf', 'M44', '08ec3e70ccaf0098e41220f717a70d5c', '', '', '', '', '', 1361349281),
('2fbf4887805da3793a1bc1218f3118fb', 3, 1, 0, 1, '820115135591', 'e5d379b58fc99a370c515c447916a46d', 'abc123', 'ABC123', 'SARKAWI.ISTIADAT@1GOVUC.GOV.MY', '', 'SARKAWI BIN BUANG', '', 'd6e665a384cd9b3422c89afcf7fdcacf', 'M41', '4e27c09ece9961416ea47204fc4b8c17', '', '', '', '', '', 1361349360),
('02647ad57db3013ce2dad492d2aed6fd', 3, 1, 0, 1, '830815086347', '93afc366c42301d64aee9e1ffa902d59', 'abc123', 'ABC123', 'IRFAN.ISTIADAT@1GOVUC.GOV.MY', '', 'MOHD IRFAN BIN IDRUS', '', 'd6e665a384cd9b3422c89afcf7fdcacf', 'M41', '891ca437d641d8cb8304d985d545d3b8', '', '', '', '', '', 1361349426),
('f31946bbba2deeef3194d24d4c3e579a', 3, 1, 0, 1, '830411125477', '93afc366c42301d64aee9e1ffa902d59', 'abc123', 'ABC123', 'MOHDSYUKRI@PICC.GOV.MY', '', 'MOHD. SYUKRI BIN SARDANGI', '', 'd6e665a384cd9b3422c89afcf7fdcacf', 'M41', '685feb258a4551cac8de6cdf913d17a1', '', '', '', '', '', 1361349561),
('2dc3860bc067138bb473275c8ff7ba6f', 3, 1, 0, 1, '830713115784', 'e5d379b58fc99a370c515c447916a46d', 'abc123', 'ABC123', 'NADJUA.ISTIADAT@1GOVUC.GOV.MY', '', 'SURAYA NADJUA BINTI MOHD. SOFFI', '', 'd6e665a384cd9b3422c89afcf7fdcacf', 'M41', '891ca437d641d8cb8304d985d545d3b8', '', '', '', '', '', 1361409658),
('91be4db8fa07b8285b68d84cf1ba54ac', 3, 1, 0, 1, '790130086439', 'e5d379b58fc99a370c515c447916a46d', 'abc123', 'ABC123', 'ZAKI@PICC.GOV.MY', '', 'AHMAD ZAKI ZAMANI B ABDUL AZIZ', '', 'd6e665a384cd9b3422c89afcf7fdcacf', 'F41', '02b83998d42de63ed345e1f1f232d13c', '', '', '', '', '', 1361409939),
('8f8bef2c48aa6c6d00a06789b281ec1a', 3, 1, 0, 1, '670120035287', 'e5d379b58fc99a370c515c447916a46d', 'abc123', 'ABC123', 'RUSDI@PICC.GOV.MY', '', 'RUSDI BIN ALI', '', '0dea02fbd51d820eb2bda746b091ef22', 'J36', '39fc496aeb91f8e9a8c4c20dce877403', '', '', '', '', '', 1361412231),
('f9ee80c596023321848396bfc20d5a05', 3, 1, 0, 1, '570714085865', 'e5d379b58fc99a370c515c447916a46d', 'abc123', 'ABC123', 'ZAKARIAMR.ISTIADAT@1GOVUC.GOV.MY', '', 'ZAKARIA BIN MOHD. RADZI', '', '0dea02fbd51d820eb2bda746b091ef22', 'N32', '891ca437d641d8cb8304d985d545d3b8', '', '', '', '', '', 1361411168),
('81ce81a8ac13875480ec4c8ed459f89b', 3, 1, 0, 1, '770108715042', 'e5d379b58fc99a370c515c447916a46d', 'abc123', 'ABC123', 'NIKSARINA.ISTIADAT@1GOVUC.GOV.MY', '', 'NIK SARINA BINTI NIK HUSIN', '', '0dea02fbd51d820eb2bda746b091ef22', 'N27', '891ca437d641d8cb8304d985d545d3b8', '', '', '', '', '', 1361411265),
('4272bb908d478f30ff0b38dc05ad2532', 3, 1, 0, 1, '821104025278', 'e5d379b58fc99a370c515c447916a46d', 'abc123', 'ABC123', 'SYARIZA.ISTIADAT@1GOVUC.GOV.MY', '', 'SYARIZA SALWA BINTI ARIS', '', '0dea02fbd51d820eb2bda746b091ef22', 'N17', '891ca437d641d8cb8304d985d545d3b8', '', '', '', '', '', 1361411332),
('cbc21a18126909da69eff15a3252127e', 3, 1, 0, 1, '810620105116', '93afc366c42301d64aee9e1ffa902d59', 'abc123', 'ABC123', 'NUURUL@PICC.GOV.MY', '', 'NUURUL AKMAL BINTI RAZALI', '', 'd6e665a384cd9b3422c89afcf7fdcacf', 'J41', '39fc496aeb91f8e9a8c4c20dce877403', '', '', '', '', '', 1361411483),
('36384a6dc2a05c02d654f484a6d39f88', 3, 1, 0, 1, '630605107326', '93afc366c42301d64aee9e1ffa902d59', 'abc123', 'ABC123', 'AISHAZCH@PICC.GOV.MY', '', 'SITI AISHAH BINTI ZACHARIAH', '', '0dea02fbd51d820eb2bda746b091ef22', 'F38', '02b83998d42de63ed345e1f1f232d13c', '', '', '', '', '', 1361412146),
('db650b5f660fefed186e067136b62aca', 3, 1, 0, 1, '790802065244', 'e5d379b58fc99a370c515c447916a46d', 'abc123', 'ABC123', 'ZARINA.ISTIADAT@1GOVUC.GOV.MY', '', 'ZAMZARINA BINTI MOHD. FAUZI', '', '0dea02fbd51d820eb2bda746b091ef22', 'N32', '4e27c09ece9961416ea47204fc4b8c17', '', '', '', '', '', 1361413591),
('02177d271109ad5d33007ca77fe95baa', 3, 1, 0, 1, '541108105456', 'e5d379b58fc99a370c515c447916a46d', 'abc123', 'ABC123', 'KAMARIAH_SAPIE@PICC.GOV.MY', '', 'KAMARIAH BINTI SAPIE', '', '0dea02fbd51d820eb2bda746b091ef22', 'N32', 'c60ae3df719cf28368a3d367ec2f785b', '', '', '', '', '', 1361412429),
('9f1c44d096fa2408900f08a26b22daf0', 3, 1, 0, 1, '550821105560', 'e5d379b58fc99a370c515c447916a46d', 'abc123', 'ABC123', 'KAMARIAH_ALI@PICC.GOV.MY', '', 'KAMARIAH BT ALI', '', '0dea02fbd51d820eb2bda746b091ef22', 'N32', 'c0f349c454d822367756038aafc73588', '', '', '', '', '', 1361412532),
('7c93b11f4a6b2d671f46d572d3cb2dc5', 3, 1, 0, 1, '580428025449', 'e5d379b58fc99a370c515c447916a46d', 'abc123', 'ABC123', 'ZAINUDDIN@PICC.GOV.MY', '', 'ZAINUDDIN B RAFFIE', '', '0dea02fbd51d820eb2bda746b091ef22', 'N32', '2e36fcf7fa3ce198baa1ebbd09cd2de9', '', '', '', '', '', 1361412620),
('b9ef02f6975a936468f934f93b6fede1', 3, 1, 0, 1, '580628055335', 'e5d379b58fc99a370c515c447916a46d', 'abc123', 'ABC123', 'RAZALIY.ISTIADAT@1GOVUC.GOV.MY', '', 'RAZALI BIN YAACOB', '', '0dea02fbd51d820eb2bda746b091ef22', 'N27', '4e27c09ece9961416ea47204fc4b8c17', '', '', '', '', '', 1361413671),
('03a4166073f108cbc3242a4a71bcd4ed', 3, 1, 0, 1, '800319025791', 'e5d379b58fc99a370c515c447916a46d', 'abc123', 'ABC123', 'AFDHOL.ISTIADAT@1GOVUC.GOV.MY', '', 'MOHD AFDHOL RHOZI BIN MD. HUSEIN', '', '0dea02fbd51d820eb2bda746b091ef22', 'N17', '4e27c09ece9961416ea47204fc4b8c17', '', '', '', '', '', 1361413730),
('08a21d73f546d8a6aa4535fcc8770ca0', 3, 1, 0, 1, '720826105310', 'e5d379b58fc99a370c515c447916a46d', 'abc123', 'ABC123', 'RAHIMAH.ISTIADAT@1GOVUC.GOV.MY', '', 'RAHIMAH BINTI HJ. DAUD', '', '0dea02fbd51d820eb2bda746b091ef22', 'N17', '4e27c09ece9961416ea47204fc4b8c17', '', '', '', '', '', 1361413787),
('89285263dd56fd100eaead248aeb6066', 3, 1, 0, 1, '800706035201', 'e5d379b58fc99a370c515c447916a46d', 'abc123', 'ABC123', 'SAIFULRIZAL.ISTIADAT@1GOVUC.GOV.MY', '', 'SAIFULRIZAL BIN. MOHD. NOR', '', '0dea02fbd51d820eb2bda746b091ef22', 'N17', '4e27c09ece9961416ea47204fc4b8c17', '', '', '', '', '', 1361413848),
('fc6d8580b79a2c040559e9863c63b9ab', 3, 1, 0, 1, '820826135643', 'e5d379b58fc99a370c515c447916a46d', 'abc123', 'ABC123', 'MHARITH.ISTIADAT@1GOVUC.GOV.MY', '', 'MUHAMMAD HARRITH ANDREW BIN ABDULLAH', '', '0dea02fbd51d820eb2bda746b091ef22', 'N17', '4e27c09ece9961416ea47204fc4b8c17', '', '', '', '', '', 1361413902),
('24a8a16652f6bcbd7e24b8de149368b5', 3, 1, 0, 1, '740910115100', 'e5d379b58fc99a370c515c447916a46d', 'abc123', 'ABC123', 'SALIHATON@1GOVUC.GOV.MY', '', 'SALIHATON BINTI ABD. RASHID', '', '0dea02fbd51d820eb2bda746b091ef22', 'N17', '4e27c09ece9961416ea47204fc4b8c17', '', '', '', '', '', 1361413961),
('7d78c94a1884cc86de648c8f3669bf92', 3, 1, 0, 1, '820326055268', 'e5d379b58fc99a370c515c447916a46d', 'abc123', 'ABC123', 'NORHAZIRIN.ISTIADAT@1GOVUC.GOV.MY', '', 'NOR HAZIRIN BINTI HUSSAIN', '', '0dea02fbd51d820eb2bda746b091ef22', 'N17', '4e27c09ece9961416ea47204fc4b8c17', '', '', '', '', '', 1361414033),
('cf03becf4f011a645ce544fe3a249ad4', 3, 1, 0, 1, '831202015620', 'e5d379b58fc99a370c515c447916a46d', 'abc123', 'ABC123', 'NURULHUDA.ISTIADAT@1GOVUC.GOV.MY', '', 'NURRUL HUDA BINTI HASRI', '', '0dea02fbd51d820eb2bda746b091ef22', 'N17', '4e27c09ece9961416ea47204fc4b8c17', '', '', '', '', '', 1361414100),
('00cca0ae349a28a74774fc214af94ce0', 3, 1, 0, 1, '670515045367', 'e5d379b58fc99a370c515c447916a46d', 'abc123', 'ABC123', 'LATIF.ISTIADAT@1GOVUC.GOV.MY', '', 'ABDUL LATIF BIN DERAHAIAN @ TALIB', '', '20405c7381b398df48ca54fe3039ee45', 'N4', '4e27c09ece9961416ea47204fc4b8c17', '', '', '', '', '', 1361414278),
('3761f15333cda9adcdec36a0d18bca6e', 3, 1, 0, 1, '760614135013', 'e5d379b58fc99a370c515c447916a46d', 'abc123', 'ABC123', 'FRANCIS.ISTIADAT@1GOVUC.GOV.MY', '', 'FRANCIS JIGUN', '', '0dea02fbd51d820eb2bda746b091ef22', 'N17', '891ca437d641d8cb8304d985d545d3b8', '', '', '', '', '', 1361414596),
('91bb2dffec3c878db0a081d10084557f', 3, 1, 0, 1, '881101525096', 'e5d379b58fc99a370c515c447916a46d', 'abc123', 'ABC123', 'ELISSUHADA.ISTIADAT@1GOVUC.GOV.MY', '', 'ELIS SUHADA BINTI MOHD YUSOFF', '', '0dea02fbd51d820eb2bda746b091ef22', 'N27', '55b615a2763053eca198c7fee078ffec', '', '', '', '', '', 1361415024),
('2c1aed34a17c6e464e686d3171626683', 3, 1, 0, 1, '790411025464', '93afc366c42301d64aee9e1ffa902d59', 'abc123', 'ABC123', 'SUHARTI.ISTIADAT@1GOVUC.GOV.MY', '', 'SUHARTI BINTI SHUIB', '', '0dea02fbd51d820eb2bda746b091ef22', 'N27', '3632dd2575c3b5f14d334962cbb0669a', '', '', '', '', '', 1361415291),
('fc9a760bd3f13128b86d5f159957d76a', 3, 1, 0, 1, '810611086312', '93afc366c42301d64aee9e1ffa902d59', 'abc123', 'ABC123', 'NORHAFIZA.ISTIADAT@1GOVUC.GOV.MY', '', 'NORHAFIZA BT MAT HASHIM', '', '0dea02fbd51d820eb2bda746b091ef22', 'N27', '96c263baff3442ede8e96e2990b7ae33', '', '', '', '', '', 1361415421),
('4403e6270594c8ecf24133763e998643', 3, 1, 0, 1, '830215075214', '93afc366c42301d64aee9e1ffa902d59', 'abc123', 'ABC123', 'SHATINA@PICC.GOV.MY', '', 'SHATINA ARIANI BT AHMAD', '', '0dea02fbd51d820eb2bda746b091ef22', 'N27', '685feb258a4551cac8de6cdf913d17a1', '', '', '', '', '', 1361415599),
('7fd200d3cf5877637e2654cda4b56c5d', 3, 1, 0, 1, '630104016215', '93afc366c42301d64aee9e1ffa902d59', 'abc123', 'ABC123', 'ARAHMAN@PICC.GOV.MY', '', 'ABDUL RAHMAN BIN ABDULLAH', '', '0dea02fbd51d820eb2bda746b091ef22', 'N22', '08ec3e70ccaf0098e41220f717a70d5c', '', '', '', '', '', 1361415700),
('c051891748b5c8e1ce3f1817a24ee44a', 3, 1, 0, 1, '720826115310', '93afc366c42301d64aee9e1ffa902d59', 'abc123', 'ABC123', 'RAHIMAH.ISTIADAT@1GOVUC.GOV.MY', '', 'RAHIMAH BT HJ DAUD', '', '0dea02fbd51d820eb2bda746b091ef22', 'N22', '4e27c09ece9961416ea47204fc4b8c17', '', '', '', '', '', 1361416101),
('b5a6cf2a3b0d4c6302d0bf8fb96c0322', 3, 1, 0, 1, '750125086120', '93afc366c42301d64aee9e1ffa902d59', 'abc123', 'ABC123', 'HALIZA.ISTIADAT@1GOVUC.GOV.MY', '', 'HALIZA BT YUSUF', '', '0dea02fbd51d820eb2bda746b091ef22', 'N22', '891ca437d641d8cb8304d985d545d3b8', '', '', '', '', '', 1361416199),
('f9a59b08a768b35c5e7ea6ac5125ca80', 3, 1, 0, 1, '650106035266', '93afc366c42301d64aee9e1ffa902d59', 'abc123', 'ABC123', 'ROSLINA.ISTIADAT@1GOVUV.GOV.MY', '', 'ROSLINA BINTI MUHAMMAD', '', '0dea02fbd51d820eb2bda746b091ef22', 'FT17', 'a9a5053fdf71824225e4e3f5a1527be1', '03-88726682', '019-7125805', 'PUAN NURALIZA BINTI ABDUL KHALIT', 'PEGAWAI TEKNOLOGI MAKLUMAT', 'NURALIZA.ISTIADAT@1GOVUC.GOV.MY', 1361416309),
('3c9496fae1d1656f6db18deb39088749', 3, 1, 0, 1, '680922085023', 'f8c7814b50459d990a8926323177bfb8', 'abc123', 'ABC123', 'REDZUAN@PICC.GOV.MY', '', 'MOHAMAD REDZUAN B A HAMID', '', '0dea02fbd51d820eb2bda746b091ef22', 'FT17', '02b83998d42de63ed345e1f1f232d13c', '', '', '', '', '', 1361416967),
('c67ddd6745b532175ba4e72a10359862', 3, 1, 0, 1, '831223055111', '93afc366c42301d64aee9e1ffa902d59', 'abc123', 'ABC123', 'FAUZAN@PICC.GOV.MY', '', 'MOHD FAUZAN B KAMARUDIN', '', '0dea02fbd51d820eb2bda746b091ef22', 'FT17', '02b83998d42de63ed345e1f1f232d13c', '', '', '', '', '', 1361417057),
('d63bb7af70957f6c936a88608a5e1edb', 3, 1, 0, 1, '790116035045', '93afc366c42301d64aee9e1ffa902d59', 'abc123', 'ABC123', 'SHAMSUL@PICC.GOV.MY', '', 'SHAMSUL KHAIZAM BIN HAMZAH', '', '0dea02fbd51d820eb2bda746b091ef22', 'J17', '39fc496aeb91f8e9a8c4c20dce877403', '', '', '', '', '', 1361417308),
('0d8d32165d078f271bfe5f087d1e4418', 3, 1, 0, 1, '831119035479', '93afc366c42301d64aee9e1ffa902d59', 'abc123', 'ABC123', 'HAFISI@PICC.GOV.MY', '', 'KHAIRI HAFISI B ABU BAKAR', '', '0dea02fbd51d820eb2bda746b091ef22', 'J17', '39fc496aeb91f8e9a8c4c20dce877403', '', '', '', '', '', 1361417581),
('85ad627cfe22ca831eba5fa2b54510a4', 3, 1, 0, 1, '821127135390', '93afc366c42301d64aee9e1ffa902d59', 'abc123', 'ABC123', 'NURLEEANA@PICC.GOV.MY', '', 'NURLEEANA BT MOHAMAD', '', '0dea02fbd51d820eb2bda746b091ef22', 'J17', '39fc496aeb91f8e9a8c4c20dce877403', '', '', '', '', '', 1361417776),
('a3dc28ebb21cb8c1ebca2b3e248930b6', 3, 1, 0, 1, '821206035144', '93afc366c42301d64aee9e1ffa902d59', 'abc123', 'ABC123', 'AIDAWANI@PICC.GOV.MY', '', 'WAN AIDAWANI BT WAN ROSDI', '', '0dea02fbd51d820eb2bda746b091ef22', 'J17', '39fc496aeb91f8e9a8c4c20dce877403', '', '', '', '', '', 1361417864),
('99612f888777e6429d44cc50b7f5a817', 3, 1, 0, 1, '820508035831', '93afc366c42301d64aee9e1ffa902d59', 'abc123', 'ABC123', 'YUSLI@PICC.GOV.MY', '', 'MOHD YUSLI BIN MOHD HUSIN', '', '0dea02fbd51d820eb2bda746b091ef22', 'J17', '39fc496aeb91f8e9a8c4c20dce877403', '', '', '', '', '', 1361417948),
('abaeeb5544514f55c0b71d032be546c9', 3, 1, 0, 1, '800610115573', '93afc366c42301d64aee9e1ffa902d59', 'abc123', 'ABC123', 'JIHADI@PICC.GOV.MY', '', 'MUHAMAD JIHADI BIN MOHD KARI', '', '0dea02fbd51d820eb2bda746b091ef22', 'J17', '39fc496aeb91f8e9a8c4c20dce877403', '', '', '', '', '', 1361418090),
('3ed547dbf9b310e06cb4756975753850', 3, 1, 0, 1, '821104025738', '93afc366c42301d64aee9e1ffa902d59', 'abc123', 'ABC123', 'SYARIZA.ISTIADAT@1GOVUC.GOV.MY', '', 'SYARIZA SALWA BT. ARIS', '', '0dea02fbd51d820eb2bda746b091ef22', 'N17', '891ca437d641d8cb8304d985d545d3b8', '', '', '', '', '', 1361418215),
('5b89f1b73eb0fa4a44de5904fcdcbcd9', 3, 1, 0, 1, '541214035076', '93afc366c42301d64aee9e1ffa902d59', 'abc123', 'ABC123', 'MAZNAHAR.ISTIADAT@1GOVUC.GOV.MY', '', 'MAZNAH BT ABDUL RAZAK', '', '0dea02fbd51d820eb2bda746b091ef22', 'N17', '891ca437d641d8cb8304d985d545d3b8', '', '', '', '', '', 1361418685),
('dbb3504b9c60d03d541b3dceb20c807d', 3, 1, 0, 1, '611104055018', 'e5d379b58fc99a370c515c447916a46d', 'abc123', 'ABC123', 'NORFADHILAH@PICC.GOV.MY', '', 'NORFADHILAH BT LANI', '', '0dea02fbd51d820eb2bda746b091ef22', 'N17', 'c60ae3df719cf28368a3d367ec2f785b', '', '', '', '', '', 1361419132),
('e1d257eda67a3173d72ea3ae4a3c5fff', 3, 1, 0, 1, '790811055232', 'e5d379b58fc99a370c515c447916a46d', 'abc123', 'ABC123', 'AZFALINA.ISTIADAT@1GOVUC.GOV.MY', '', 'AZFALINA BINTI MOHAMAD AZMI', '', '0dea02fbd51d820eb2bda746b091ef22', 'N17', 'a9a5053fdf71824225e4e3f5a1527be1', '', '', '', '', '', 1361419275),
('137c589a40b5c61eaa7c71d1c4cd2cd7', 3, 1, 0, 1, '690815145621', 'e5d379b58fc99a370c515c447916a46d', 'abc123', 'ABC123', 'MFARID.ISTIADAT@1GOVUC.GOV.MY', '', 'MOHD FARID BIN REDZUAN', '', '0dea02fbd51d820eb2bda746b091ef22', 'N32', '0c63d083b12b7272ccfde6dcfd16013f', '', '', '', '', '', 1361849909),
('7031c081e32ed1615ae9def84131f26b', 3, 1, 0, 1, '840525015945', 'e5d379b58fc99a370c515c447916a46d', 'abc123', 'ABC123', 'NOREFFENDI@PICC.GOV.MY', '', 'NOREFFENDI BIN BOLONG', '', '0dea02fbd51d820eb2bda746b091ef22', 'N17', 'c0f349c454d822367756038aafc73588', '', '', '', '', '', 1361419976),
('da7b509ded261cea9f601788100882a6', 3, 1, 0, 1, '820426025795', 'e5d379b58fc99a370c515c447916a46d', 'abc123', 'ABC123', 'SAIFUL@PICC.GOV.MY', '', 'MOHD SAIFULLIZAN BIN OMAR', '', '0dea02fbd51d820eb2bda746b091ef22', 'N17', 'c0f349c454d822367756038aafc73588', '', '', '', '', '', 1361420316),
('69b1487e8b2209eb6c90551c16e81292', 3, 1, 0, 1, '870216015498', 'e5d379b58fc99a370c515c447916a46d', 'abc123', 'ABC123', 'NORAISHAH@PICC.GOV.MY', '', 'NOR AISHAH BT RAMLI', '', '0dea02fbd51d820eb2bda746b091ef22', 'N17', 'c60ae3df719cf28368a3d367ec2f785b', '', '', '', '', '', 1361420527),
('314d8a3bbdad5ceb6fda67a60b2a42c7', 3, 1, 0, 1, '841016036099', '93afc366c42301d64aee9e1ffa902d59', 'abc123', 'ABC123', 'RITHAUDDIN@PICC.GOV.MY', '', 'MOHD RITHAUDDIN BIN MD NOH', '', '0dea02fbd51d820eb2bda746b091ef22', 'N17', '2e36fcf7fa3ce198baa1ebbd09cd2de9', '', '', '', '', '', 1361430544),
('5420463d771507fc0da3d4e13e2d759b', 3, 1, 0, 1, '870716355245', '93afc366c42301d64aee9e1ffa902d59', 'abc123', 'ABC123', 'ARIFFUDIN@PICC.GOV.MY', '', 'MOHAMAD ARIFFUDIN BIN GHOZALI', '', '0dea02fbd51d820eb2bda746b091ef22', 'N17', 'c0f349c454d822367756038aafc73588', '', '', '', '', '', 1361430812),
('ea5281efbd69a971ef8bf95a0c55164b', 3, 1, 0, 1, '820709035360', '93afc366c42301d64aee9e1ffa902d59', 'abc123', 'ABC123', 'ROSMINI.ISTIADAT@1GOVUC.GOV.MY', '', 'ROSMINI BINTI OMAR', '', '0dea02fbd51d820eb2bda746b091ef22', 'N17', '0c63d083b12b7272ccfde6dcfd16013f', '', '', '', '', '', 1361431032),
('0133e774b7cbee3d6cec5b27c0bfc87a', 3, 1, 0, 1, '650904107076', '93afc366c42301d64aee9e1ffa902d59', 'abc123', 'ABC123', 'ZARINA.ISTIADAT@1GOVUC.GOV.MY', '', 'ZARINA BT HITAM @ SHAMSUDDIN', '', '0dea02fbd51d820eb2bda746b091ef22', 'N17', '891ca437d641d8cb8304d985d545d3b8', '', '', '', '', '', 1361431168),
('7eb5f19424a34adeb5f92d9271443b12', 3, 1, 0, 1, '841002065497', '93afc366c42301d64aee9e1ffa902d59', 'abc123', 'ABC123', 'FAISAL@PICC.GOV.MY', '', 'MOHD FAISAL BIN ANAWAI', '', '0dea02fbd51d820eb2bda746b091ef22', 'N17', 'b2f197d5de13bed8775f858c40dfb429', '', '', '', '', '', 1361431264),
('87b8abc3efe2d25b1355e8f327607034', 3, 1, 0, 1, '801011115242', '93afc366c42301d64aee9e1ffa902d59', 'abc123', 'ABC123', 'SUHAILAS.ISTIADAT@1GOVUC.GOV.MY', '', 'SUHAILA BINTI SULAIMAN', '', '0dea02fbd51d820eb2bda746b091ef22', 'N17', '55b615a2763053eca198c7fee078ffec', '', '', '', '', '', 1361434762),
('0455462e61436bb83faac9612c93a51c', 3, 1, 0, 1, '581020025749', '93afc366c42301d64aee9e1ffa902d59', 'abc123', 'ABC123', 'SHOFIANM.ISTIADAT@1GOVUC.GOV.MY', '', 'SHOFIAN B MANSOR', '', '20405c7381b398df48ca54fe3039ee45', 'R6', '0c63d083b12b7272ccfde6dcfd16013f', '', '', '', '', '', 1361434883),
('020d7b88b3f9abc0f7c57ad14d0c10df', 3, 1, 0, 1, '560720105683', '93afc366c42301d64aee9e1ffa902d59', 'abc123', 'ABC123', 'JAMALULYUSRI.ISTIADAT@1GOVUC.GOV.MY', '', 'JAMALULYUSRI B ABU HUSSAIN', '', '20405c7381b398df48ca54fe3039ee45', 'R6', '0c63d083b12b7272ccfde6dcfd16013f', '', '', '', '', '', 1361434967),
('61d94d94486feaf1717c562d95c539c2', 3, 1, 0, 1, '590701075455', '93afc366c42301d64aee9e1ffa902d59', 'abc123', 'ABC123', 'ABUBAKAR.ISTIADAT@1GOVUC.GOV.MY', '', 'ABU BAKAR B IDRIS', '', '20405c7381b398df48ca54fe3039ee45', 'R6', '0c63d083b12b7272ccfde6dcfd16013f', '', '', '', '', '', 1361435039),
('5c3c063d3d23170f02e6a5e2ac5ea618', 3, 1, 0, 1, '550524035017', '93afc366c42301d64aee9e1ffa902d59', 'abc123', 'ABC123', 'HASHIM.ISTIADAT@1GOVUC.GOV.MY', '', 'HASSHIM B NOOR', '', '20405c7381b398df48ca54fe3039ee45', 'R6', '0c63d083b12b7272ccfde6dcfd16013f', '', '', '', '', '', 1361435180),
('f2e3119d72a5508e835addc873812996', 3, 1, 0, 1, '550825105795', '93afc366c42301d64aee9e1ffa902d59', 'abc123', 'ABC123', 'ZAINUDINAR.ISTIADAT@1GOVUC.GOV.MY', '', 'ZAINUDIN B ABD RASHID', '', '20405c7381b398df48ca54fe3039ee45', 'R6', '0c63d083b12b7272ccfde6dcfd16013f', '', '', '', '', '', 1361435260),
('0f98606e4f13ebf7dcd8ec63feab489b', 3, 1, 0, 1, '610914085169', '93afc366c42301d64aee9e1ffa902d59', 'abc123', 'ABC123', 'KHALID.ISTIADAT@1GOVUC.GOV.MY', '', 'KHALID B ABDUL HAMID', '', '20405c7381b398df48ca54fe3039ee45', 'R6', '0c63d083b12b7272ccfde6dcfd16013f', '', '', '', '', '', 1361435540),
('de566f5f41a0e153271f3a714755c7cb', 3, 1, 0, 1, '570321086285', '93afc366c42301d64aee9e1ffa902d59', 'abc123', 'ABC123', 'SHAFIE.ISTIADAT@1GOVUC.GOV.MY', '', 'MD SHAFIEE B MOHD EFFENDI', '', '20405c7381b398df48ca54fe3039ee45', 'R6', '0c63d083b12b7272ccfde6dcfd16013f', '', '', '', '', '', 1361435680),
('a30238cdbd7edd81150dfdbfd1ae5b81', 3, 1, 0, 1, '770702715037', '93afc366c42301d64aee9e1ffa902d59', 'abc123', 'ABC123', 'JUNALFI.ISTIADAT@1GOVUC.GOV.MY', '', 'MUHAMMAD JUNALFI AQHARI BIN MARFI', '', '20405c7381b398df48ca54fe3039ee45', 'R3', '0c63d083b12b7272ccfde6dcfd16013f', '', '', '', '', '', 1361435827),
('9f3384fe9f7f73f9cae9261e40c80cff', 3, 1, 0, 1, '710519105711', '93afc366c42301d64aee9e1ffa902d59', 'abc123', 'ABC123', 'KAMSUL.ISTIADAT@1GOVUC.GOV.MY', '', 'MOHD KAMSUL B FAUZAN', '', '20405c7381b398df48ca54fe3039ee45', 'R3', '0c63d083b12b7272ccfde6dcfd16013f', '', '', '', '', '', 1361435996),
('69bd2089e58a4bf5389f14f7c2d57310', 3, 1, 0, 1, '811025146271', 'e5d379b58fc99a370c515c447916a46d', 'abc123', 'ABC123', 'YUSSMAN@PICC.GOV.MY', '', 'YUSSMAN B TUKIRIN', '', '0dea02fbd51d820eb2bda746b091ef22', 'F29', '02b83998d42de63ed345e1f1f232d13c', '', '', '', '', '', 1361604921),
('d1562a2274be8cddb82bde5911844954', 3, 1, 0, 1, '621101107600', 'e5d379b58fc99a370c515c447916a46d', 'abc123', 'ABC123', 'SARI.ISTIADAT@1GOVUC.GOV.MY', '', 'SARIMAH BT MAMED', '', '0dea02fbd51d820eb2bda746b091ef22', 'N28', 'a72ea7f421b0d6efc46e846be59fcbf8', '', '', '', '', '', 1361605050),
('2e9107b9afec89d1e3711b6f8eb0a23f', 3, 1, 0, 1, '800626085188', 'e5d379b58fc99a370c515c447916a46d', 'abc123', 'ABC123', 'ILDA.ISTIADAT@1GOVUC.GOV.MY', '', 'NOR ILDA RAHAYU BINTI NORRAHMAN', '', '0dea02fbd51d820eb2bda746b091ef22', 'N17', '891ca437d641d8cb8304d985d545d3b8', '', '', '', '', '', 1361605361),
('3f1a2b506d53966573c8d28e1b83c96f', 3, 1, 0, 1, '761113065385', 'e5d379b58fc99a370c515c447916a46d', 'abc123', 'ABC123', 'SHAHRUM.ISTIADAT@1GOVUC.GOV.MY', '', 'SHAHRUM NIZAM BIN AHMAD', '', '20405c7381b398df48ca54fe3039ee45', 'R3', '0c63d083b12b7272ccfde6dcfd16013f', '', '', '', '', '', 1361605579),
('911e4bc9446a3a9117d66b4056efcf2e', 3, 1, 0, 1, '591026016121', 'e5d379b58fc99a370c515c447916a46d', 'abc123', 'ABC123', 'RUSMAN.ISTIADAT@1GOVUC.GOV.MY', '', 'AHMAD RUSMAN B JAAFAR', '', '20405c7381b398df48ca54fe3039ee45', 'R3', '0c63d083b12b7272ccfde6dcfd16013f', '', '', '', '', '', 1361605669),
('12c43d1fe17fa07f250e2b790814acac', 3, 1, 0, 1, '620227086169', 'e5d379b58fc99a370c515c447916a46d', 'abc123', 'ABC123', 'NORPHIA.ISTIADAT@1GOVUC.GOV.MY', '', 'NORPHIA B ARBI', '', '20405c7381b398df48ca54fe3039ee45', 'R3', '0c63d083b12b7272ccfde6dcfd16013f', '', '', '', '', '', 1361605779),
('4b00b26a7131c7458bb3b4b278637f6d', 3, 1, 0, 1, '820810085549', 'e5d379b58fc99a370c515c447916a46d', 'abc123', 'ABC123', 'ARIFFIN.ISTIADAT@1GOVUC.GOV.MY', '', 'MOHD ARIFFIN BIN SAID', '', '20405c7381b398df48ca54fe3039ee45', 'R3', '0c63d083b12b7272ccfde6dcfd16013f', '', '', '', '', '', 1361605928),
('f3979186290b71f4ed6a8dd333353f4e', 3, 1, 0, 1, '761213085981', 'e5d379b58fc99a370c515c447916a46d', 'abc123', 'ABC123', 'AFZANIZAM.ISTIADAT@1GOVUC.GOV.MY', '', 'AFZANIZAM B ISMAIL', '', '20405c7381b398df48ca54fe3039ee45', 'R3', '0c63d083b12b7272ccfde6dcfd16013f', '', '', '', '', '', 1361606041),
('edf19a2ccd0f912327c89c0725ca482f', 3, 1, 0, 1, '741121145395', 'e5d379b58fc99a370c515c447916a46d', 'abc123', 'ABC123', 'AMRAN.ISTIADAT@1GOVUC.GOV.MY', '', 'AMRAN B ABDULLAH', '', '20405c7381b398df48ca54fe3039ee45', 'R3', '0c63d083b12b7272ccfde6dcfd16013f', '', '', '', '', '', 1361606178),
('31db8e4dffc6be69b2ef6a7449bc4c7c', 3, 1, 0, 1, '771127105551', 'e5d379b58fc99a370c515c447916a46d', 'abc123', 'ABC123', 'MAZLANH.ISTIADAT@1GOVUC.GOV.MY', '', 'MAZLAN B HUSIN', '', '20405c7381b398df48ca54fe3039ee45', 'R3', '0c63d083b12b7272ccfde6dcfd16013f', '', '', '', '', '', 1361606327),
('03ce9dacd2c52188013f3a1198e9ce40', 3, 1, 0, 1, '730505015545', 'e5d379b58fc99a370c515c447916a46d', 'abc123', 'ABC123', 'FAIZAL.ISTIADAT@1GOVUC.GOV.MY', '', 'MOHD FAIZAL B A RAHIM', '', '20405c7381b398df48ca54fe3039ee45', 'R3', '0c63d083b12b7272ccfde6dcfd16013f', '', '', '', '', '', 1361606684),
('39027bcf1b9a1b2fa350255d4de1e48a', 3, 1, 0, 1, '710114055373', 'e5d379b58fc99a370c515c447916a46d', 'abc123', 'ABC123', 'KAMARIPIN.ISTIADAT@1GOVUC.GOV.MY', '', 'CHE'' KAMARARIPIN B CHE'' MIN', '', '20405c7381b398df48ca54fe3039ee45', 'R3', '0c63d083b12b7272ccfde6dcfd16013f', '', '', '', '', '', 1361606748),
('a70561658174e850a9cbc8519237d952', 3, 1, 0, 1, '780713035423', 'e5d379b58fc99a370c515c447916a46d', 'abc123', 'ABC123', 'SHAMERY.ISTIADAT@1GOVUC.GOV.MY', '', 'SHAMERY B IBRAHIM', '', '20405c7381b398df48ca54fe3039ee45', 'R3', '0c63d083b12b7272ccfde6dcfd16013f', '', '', '', '', '', 1361606816),
('b25fb99e9f465653c41c8d0c7c666e41', 3, 1, 0, 1, '801009115235', 'e5d379b58fc99a370c515c447916a46d', 'abc123', 'ABC123', 'RIDZUAN.ISTIADAT@1GOVUC.GOV.MY', '', 'MOHD RIDZUAN BIN MAT ZAIN', '', '20405c7381b398df48ca54fe3039ee45', 'R3', '0c63d083b12b7272ccfde6dcfd16013f', '', '', '', '', '', 1361607140),
('20b2e0674b55345d546a9ebe67709378', 3, 1, 0, 1, '730901106027', 'e5d379b58fc99a370c515c447916a46d', 'abc123', 'ABC123', 'ZULKIPLI.ISTIADAT@1GOVUC.GOV.MY', '', 'ZULKIPLI BIN SHAMSUDDIN', '', '20405c7381b398df48ca54fe3039ee45', 'R3', '0c63d083b12b7272ccfde6dcfd16013f', '', '', '', '', '', 1361607201),
('284afd723eb4bc22b5be080a945efbb7', 3, 1, 0, 1, '840404045419', 'e5d379b58fc99a370c515c447916a46d', 'abc123', 'ABC123', 'HAZIMAN@PICC.GOV.MY', '', 'MOHD HAZIDMAN BIN GHAZALI', '', '20405c7381b398df48ca54fe3039ee45', 'R3', '08ec3e70ccaf0098e41220f717a70d5c', '', '', '', '', '', 1361607298),
('785350b31c93c96bd7c10979a5e5c095', 3, 1, 0, 1, '620901016147', 'e5d379b58fc99a370c515c447916a46d', 'abc123', 'ABC123', 'KAMARUZAMAN@PICC.GOV.MY', '', 'KAMARUZAMAN B KAMARUDDIN', '', '20405c7381b398df48ca54fe3039ee45', 'N4', '08ec3e70ccaf0098e41220f717a70d5c', '', '', '', '', '', 1361607489),
('a3bec5c6f46447863879b304dc151dac', 3, 1, 0, 1, '610920055177', 'e5d379b58fc99a370c515c447916a46d', 'abc123', 'ABC123', 'NORZAIN.ISTIADAT@1GOVUC.GOV.MY', '', 'NORZAIN B BAHARIN', '', '20405c7381b398df48ca54fe3039ee45', 'N4', '891ca437d641d8cb8304d985d545d3b8', '', '', '', '', '', 1361607592),
('6eca3563f5ea7bd74dd3ff5f4f6929d2', 3, 1, 0, 1, '720719016085', 'e5d379b58fc99a370c515c447916a46d', 'abc123', 'ABC123', 'HALIM.ISTIADAT@1GOVUC.GOV.MY', '', 'ABDUL HALIM B TEH', '', '20405c7381b398df48ca54fe3039ee45', 'N4', '4630ecce2a4455b987ead03d327116d8', '', '', '', '', '', 1361608882),
('c9f7c93769123f1fadd3df0bd09a8c6d', 3, 1, 0, 1, '810709016291', 'e5d379b58fc99a370c515c447916a46d', 'abc123', 'ABC123', 'SOFIAN@PICC.GOV.MY', '', 'MOHD SOFIAN B ABDUL MALIK', '', '20405c7381b398df48ca54fe3039ee45', 'N1', '08ec3e70ccaf0098e41220f717a70d5c', '', '', '', '', '', 1361609152),
('2b1c264478f26fe37290de37c337f74e', 3, 1, 0, 1, '800419145037', 'e5d379b58fc99a370c515c447916a46d', 'abc123', 'ABC123', 'RAJA_SUFIAN@PICC.GOV.MY', '', 'RAJA MUHAMAD SUFIAN B RAJA JAMALUDIN', '', '20405c7381b398df48ca54fe3039ee45', 'N1', '685feb258a4551cac8de6cdf913d17a1', '', '', '', '', '', 1361609270),
('61addb844c0bb0a2fd2762eb063627b3', 3, 1, 0, 1, '710316086135', 'e5d379b58fc99a370c515c447916a46d', 'abc123', 'ABC123', 'HASNORHISHAM@PICC.GOV.MY', '', 'HASNORHISHAM B ABU HASAN', '', '20405c7381b398df48ca54fe3039ee45', 'N1', '08ec3e70ccaf0098e41220f717a70d5c', '', '', '', '', '', 1361609421),
('8658099bab5845d6f1d0655a34272a23', 3, 1, 0, 1, '840513086135', 'e5d379b58fc99a370c515c447916a46d', 'abc123', 'ABC123', 'AHMAD_SYARIZAD@PICC.GOV.MY', '', 'AHMAD SYARIZAD B MOHD SOBRI', '', '20405c7381b398df48ca54fe3039ee45', 'N1', '39fc496aeb91f8e9a8c4c20dce877403', '', '', '', '', '', 1361609507),
('54fa6166e31a376a11e6912de519b0ec', 3, 1, 0, 1, '870106086228', 'e5d379b58fc99a370c515c447916a46d', 'abc123', 'ABC123', 'NURULANITA.ISTIADAT@1GOVUC.GOV.MY', '', 'NURUL ANITA BT MIN ZAHAR', '', '20405c7381b398df48ca54fe3039ee45', 'N1', '891ca437d641d8cb8304d985d545d3b8', '', '', '', '', '', 1361609584),
('7aa0e6013bed41d8914ae50e04bed75e', 3, 1, 0, 1, '850509065140', 'e5d379b58fc99a370c515c447916a46d', 'abc123', 'ABC123', 'KHOSIMAH.ISTIADAT@1GOVUC.GOV.MY', '', 'KHOSIMAH BT HAJI AHMAD', '', '20405c7381b398df48ca54fe3039ee45', 'N1', 'a9a5053fdf71824225e4e3f5a1527be1', '', '', '', '', '', 1361609709),
('54a73404e2c8d2a0e77769d4b5c3bac5', 3, 1, 0, 1, '630729106878', 'e5d379b58fc99a370c515c447916a46d', 'abc123', 'ABC123', 'HAYATI.ISTIADAT@1GOVUC.GOV.MY', '', 'NORHAYATI BINTI IBNU', '', '0dea02fbd51d820eb2bda746b091ef22', 'W22', '0c63d083b12b7272ccfde6dcfd16013f', '', '', '', '', '', 1361609863),
('63e5faebc6d334b88af889c01a9d21b9', 3, 1, 0, 1, '601010015454', 'e5d379b58fc99a370c515c447916a46d', 'abc123', 'ABC123', 'ZAITON_BI@PICC.GOV.MY', '', 'ZAITON BI BT HUSSAIN', '', '0dea02fbd51d820eb2bda746b091ef22', 'N32', '685feb258a4551cac8de6cdf913d17a1', '', '', '', '', '', 1361609969),
('ed467561ce142efee7647b5cdcd670bc', 3, 1, 0, 1, '780604015175', 'e5d379b58fc99a370c515c447916a46d', 'abc123', 'ABC123', 'YOHANIZ@PICC.GOV.MY', '', 'MUHAMAD YOHANIZ BIN ATAN', '', 'd6e665a384cd9b3422c89afcf7fdcacf', 'M41', '685feb258a4551cac8de6cdf913d17a1', '', '', '', '', '', 1361610123),
('ad2d07056ce9ff8951e68cc7451eb3d9', 3, 1, 0, 1, '830624035117', '93afc366c42301d64aee9e1ffa902d59', 'abc123', 'ABC123', 'ASMAWI@PICC.GOV.MY', '', 'MOHAMAD ASMAWI BIN MUSTAPHA', '', '20405c7381b398df48ca54fe3039ee45', 'N1', 'c60ae3df719cf28368a3d367ec2f785b', '', '', '', '', '', 1361755241),
('9edc770dba6430eeccbac77763d8b93d', 3, 1, 0, 1, '850602065110', '93afc366c42301d64aee9e1ffa902d59', 'abc123', 'ABC123', 'AINOL@PICC.GOV.MY', '', 'AINOL BARIEAH BT JANUDDIN', '', '0dea02fbd51d820eb2bda746b091ef22', 'N27', '08ec3e70ccaf0098e41220f717a70d5c', '', '', '', '', '', 1361755395);
INSERT INTO `user` (`uids`, `ulevel`, `usah`, `utsah`, `udelete`, `unokp`, `upass`, `usoalan`, `ujawapan`, `uemail`, `unoid`, `unama`, `utpenempatan`, `pids`, `ugred`, `bids`, `utelefon`, `ubimbit`, `uselia`, `ujselia`, `ueselia`, `upada`) VALUES
('f4f0ecfc16195a026b029b0dd0641045', 3, 1, 0, 1, '701030105316', '93afc366c42301d64aee9e1ffa902d59', 'abc123', 'ABC123', 'NORAINI@PICC.GOV.MY', '', 'NORAINI BT. MOHAMAD', '', '0dea02fbd51d820eb2bda746b091ef22', 'N22', 'c60ae3df719cf28368a3d367ec2f785b', '', '', '', '', '', 1361756730),
('15213feb2df7dbc61bba77839a36691c', 3, 2, 0, 1, '810815145716', 'e5d379b58fc99a370c515c447916a46d', 'abc123', 'ABC123', 'KHAIROL.ISTIADAT@1GOVUC.GOV.MY', '', 'TEST', '', '0dea02fbd51d820eb2bda746b091ef22', 'W17', '0c63d083b12b7272ccfde6dcfd16013f', '', '', '', '', '', 1362473953);
