-- phpMyAdmin SQL Dump
-- version 3.4.4
-- http://www.phpmyadmin.net
--
-- Host: localhost
-- Generation Time: Sep 26, 2011 at 08:19 PM
-- Server version: 5.1.56
-- PHP Version: 5.2.9

SET SQL_MODE="NO_AUTO_VALUE_ON_ZERO";
SET time_zone = "+00:00";


/*!40101 SET @OLD_CHARACTER_SET_CLIENT=@@CHARACTER_SET_CLIENT */;
/*!40101 SET @OLD_CHARACTER_SET_RESULTS=@@CHARACTER_SET_RESULTS */;
/*!40101 SET @OLD_COLLATION_CONNECTION=@@COLLATION_CONNECTION */;
/*!40101 SET NAMES utf8 */;

--
-- Database: `mzakimy_latihan`
--

-- --------------------------------------------------------

--
-- Table structure for table `bahagian`
--

CREATE TABLE IF NOT EXISTS `bahagian` (
  `bids` varchar(32) NOT NULL,
  `bdelete` int(1) NOT NULL DEFAULT '1',
  `bahagian` varchar(255) NOT NULL,
  PRIMARY KEY (`bids`)
) ENGINE=MyISAM DEFAULT CHARSET=latin1;

--
-- Dumping data for table `bahagian`
--

INSERT INTO `bahagian` (`bids`, `bdelete`, `bahagian`) VALUES
('55b615a2763053eca198c7fee078ffec', 2, 'BAHAGIAN SUMBER MANUSIA'),
('a9a5053fdf71824225e4e3f5a1527be1', 2, 'BAHAGIAN TEKNOLOGI MAKLUMAT'),
('0c63d083b12b7272ccfde6dcfd16013f', 2, 'BAHAGIAN KEWANGAN'),
('b6c11593bdcee3c3a1af1093a88a38e0', 1, 'BAHAGIAN LATIHAN'),
('a72ea7f421b0d6efc46e846be59fcbf8', 1, 'PEJABAT KETUA PENGARAH PERKHIDMATAN AWAM'),
('96c263baff3442ede8e96e2990b7ae33', 1, 'BAHAGIAN KHIDMAT PENGURUSAN'),
('3632dd2575c3b5f14d334962cbb0669a', 1, 'BAHAGIAN PERANCANGAN, PENYELIDIKAN DAN KORPORAT'),
('bc0ae2539522bbf6e47711042d6e6e4a', 1, 'INSTITUT TADBIRAN AWAM NEGARA'),
('891ca437d641d8cb8304d985d545d3b8', 1, 'BAHAGIAN PENGURUSAN MAKLUMAT'),
('4e27c09ece9961416ea47204fc4b8c17', 1, 'BAHAGIAN PENGURUSAN PSIKOLOGI'),
('4630ecce2a4455b987ead03d327116d8', 1, 'BAHAGIAN SARAAN'),
('c8c3bced935a5c9d0207b7931a9d3ce0', 1, 'BAHAGIAN PASCA PERKHIDMATAN'),
('c20e4d801c38c37fa0a28c87ba38afbb', 1, 'BAHAGIAN PERKHIDMATAN'),
('744a11a174fae4780c9bad0db672ed85', 1, 'BAHAGIAN PEMBANGUNAN MODAL INSAN'),
('d0fb09cecc86e38a714f01aaa0c806b7', 1, 'BAHAGIAN PEMBANGUNAN ORGANISASI');

-- --------------------------------------------------------

--
-- Table structure for table `epsa`
--

CREATE TABLE IF NOT EXISTS `epsa` (
  `eids` varchar(32) NOT NULL,
  `edelete` int(1) NOT NULL DEFAULT '1',
  `tids` varchar(32) NOT NULL,
  `ekod` varchar(255) NOT NULL,
  `epsa` varchar(255) NOT NULL,
  `ejam` int(11) NOT NULL,
  PRIMARY KEY (`eids`)
) ENGINE=MyISAM DEFAULT CHARSET=latin1;

--
-- Dumping data for table `epsa`
--

INSERT INTO `epsa` (`eids`, `edelete`, `tids`, `ekod`, `epsa`, `ejam`) VALUES
('415b1b8f7c5c464d8bc16564c1f8dd30', 2, '', '', 'TAJUK EPSA 1', 24),
('7b51f00f6fb3ce631b1e44fb74debc4e', 2, '', '', 'TAJUK EPSA 2', 2),
('8260c50cc4402676af097c6b0581409e', 1, '', '', '040047E - CHANGE MANAGEMENT (ELEMENTARY)', 22),
('3283cce9e513bf8367ca730cb9b19591', 1, '', '', '040048E - CHANGE MANAGEMENT (INTERMEDIATE)', 30),
('57e223c761bb27646efccf0b2758828b', 1, '', '', '040102E - LEARNING ORGANISATION', 22),
('e5de6316b1a12d3b14cde8458b1aa6ec', 1, '', '', '130027E - PERKHIDMATAN PELANGGAN YANG BERBUDI BAHASA', 44),
('e2f0c158edf22c9a7d414c464b8631df', 1, '', '', '130097E - LEADERSHIP (ELEMENTARY) VER 2.0', 24),
('7daea32b6a705398c835a519b3995b0c', 1, '', '', '130098E - LEADERSHIP (INTERMEDIATE)', 8),
('86fee26e1008c2f67ab85034ef011a98', 1, '', '', '160302E - PENGURUSAN KONFLIK', 16),
('263cada541dfb271221fe61898d6a69a', 1, '', '', '090500E - PENGURUSAN ISLAM', 10),
('8ec58c386e536e99ac57f0d30a556b6f', 1, '', '', '040325E - CREATIVE THINKING &amp; PROBLEM SOLVING', 18),
('b754502336043451526fcab6611e51a7', 1, '', '', '040018E - STRATEGIC MANAGEMENT + BSC', 8),
('82dece63319cdf81fc1dc209cd7c2a11', 1, '', '', '180010E - KEPIMPINAN INTEGRASI', 8),
('200f2b33ac3ab3bf8ffa38cf07cbff5b', 1, '', '', '69668EP - PREPARING TO NEGOTIATE (INCLUDES SIMULATION)', 5),
('df392d5e6e717057c5201930ad776e72', 1, '', '', '67118EP - NEGOTIATING SKILLS IN ACTION (INCLUDES SIMULATION)', 5),
('da9e24190fac114aaa8f282543d9f483', 1, '', '', '79319EP - SELECTING YOUR NEGOTIATION STRATEGY (INCLUDES SIMULATION)', 12),
('c59ddd5bd1f2e48fc46d3f43c31cc722', 1, '', '', '16288EP - WHAT GOOD MANAGERS DO: THE FIRST 100 DAYS (INCLUDES SIMULATION)', 5),
('eab1e4644576c43456006a82961e1f9c', 1, '', '', '68958EP - EFFECTIVE MANAGEMENT: COMMUNICATING SUCCESSFULLY (INCLUDES SIMULATION)', 6),
('5031b0f13e10800ae96ac734d205c4cb', 1, '', '', '68772EP - EFFECTIVE MANAGEMENT : CREATIING SUCCESSFUL SOLUTIONS 9INCLUDES SIMULATION)', 6),
('b8136d4bfff874851fd45eef638c9087', 1, '', '', '020839E - JAVA PROGRAMMING (ELEMENTARY)', 26),
('f71bed847f8a6e29248143935a56ef47', 1, '', '', '020837-11E - KEMAHIRAN ICT SEKTOR AWAM (KISA): MODUL 1', 18),
('42b420299ab4b69d8ae7422a86622a9c', 1, '', '', '020837-12E - KEMAHIRAN ICT SEKTOR AWAM (KISA): MODUL 2', 28),
('a469d754b31a857f4e8e72acd0afbf7e', 1, '', '', '020837-13E - KEMAHIRAN ICT SEKTOR AWAM (KISA): MODUL 3', 18),
('ba5ee194903d3a849e6224b8685f26d6', 1, '', '', '020837-14E - KEMAHIRAN ICT SEKTOR AWAM (KISA): MODUL 4', 36),
('f5eba9d5aed4926aa89267cda6f314f0', 1, '', '', '020837-15E - KEMAHIRAN ICT SEKTOR AWAM (KISA): MODUL 5', 18),
('41a3e9b4b9b918bd881f76a0aa486210', 1, '', '', '020884E - ICT STRATEGIC PLANNING (BASIC)', 4),
('1fc07973f9125911650121335334631b', 1, '', '', '020882E - MICROSOFT OFFICE POWERPOINT 2007', 18),
('8a9e3f5ef2acf9a70c24e418542ac23b', 1, '', '', '020880E - MICROSOFT OFFICE EXCEL 2007', 24),
('43183e546a69c6c3b9d948cde0bdcc10', 1, '', '', '020881E - MICROSOFT OFFICE WORD 2007', 18),
('eca4008c65a62ba13fecf9f6e7cb5c8a', 1, '', '', '020910E - INTRODUCTION TO SOFTWARE QUALITY ASSURANCE', 8),
('d1b941230daad630518c5bf0a117ad5d', 1, '', '', '020883E - DATABASE FUNDAMENTALS', 12),
('f783e0c2bc6d22b0a0f1a2e7c21f946a', 1, '', '', '020877E - PENGENALAN KEPADA PENGURUSAN PUSAT DATA', 4),
('933186b2a9a571870663a06ee346a394', 1, '', '', '180003E - OPENOFFICE.ORG', 30),
('bd5f5dbacbc5f260c0cf1ec3e09c590e', 1, '', '', '180004E - PENGENALAN KEPADA KESELAMATAN ICT', 4),
('0e51d99b77e02bb174b69d18ec3f3c68', 1, '', '', '91627EP - PHP 5: AN INTRODUCTION', 8),
('7bd3689d6a01d7bb418f789494b2d8ff', 1, '', '', '16964EP - XML: AN INTRODUCTION (THIRD EDITION)', 12),
('797b0ee0df9d42021e0ca370722b888b', 1, '', '', '87152EP - MICROSOFT OFFICE PROJECT 2007: PROFESSIONAL', 11),
('d016db8ee371d2ba30017cff36251879', 1, '', '', '16287EP - DESIGNING VPN SECUTIRY', 23),
('2ef4400b7c251647efa6ad260aa7d39b', 1, '', '', '21005EP - INTRODUCTION TO TELECOMMUNICATION', 21),
('899362f2cdbd881cda106d6f11501511', 1, '', '', '10841EP - WIRELESS #', 29),
('97ac87161373be7ea86aafdea7f7ee4f', 1, '', '', '25799EP - TCP/IP V4: A COMPREHENSIVE GUIDE', 21),
('dbd24427f51795133500dc748bbb722d', 1, '', '', '1232EP - INTRODUCTION TO ATM', 15),
('b95e108f90b7595371bfed68b3a0d4a1', 1, '', '', '81283EP - FLASH CS3: LEVEL 1', 18),
('aa05058d5ae8a7dacd764966ad6a192f', 1, '', '', '83401EP - FLASH CS3: LEVEL 2', 13),
('8508b99505bfec6558a7aa27470453bf', 1, '', '', '80698EP - PHOTOSHOP CS3: LEVEL 1', 12),
('10b70ad171f0cf6d4da4da903634d30c', 1, '', '', '82526EP - PHOTOSHOP CS3: LEVEL 2', 11),
('6d711d2f7bb079f776414927f927788c', 1, '', '', '82882EP - ILLUSTRATOR CS2: CREATING MORE COMPLEX ILLUSTRATIONS FOR THE WEB AND PRINT', 25),
('82e4d7aacf8283a6df21469d92f5a7f9', 1, '', '', '60837EP - SAMS TEACH YOURSELF PHP, MYSQL AND APACHE ALL IN ONE (2ND EDITION)', 2),
('5fd7cbbb688321366ca8787dbed1a64a', 1, '', '', '86157EP - INTERCONNECTING CISCO NETWORKING DEVICES PART 1 (ICND1) V1.0', 23),
('44472e60eac938a063d104f017407f92', 1, '', '', '67220EP - INTRODUCTION TO CISCO NETWORKING TECHNOLOGIES (INTRO) V2.1', 14),
('bcbb8b0e878306efb4fcd4d13a945946', 1, '', '', '4075EP - T1/T3, DS1/DS3 NETWORKING AND TROUBLESHOOTING', 35),
('ae61029a84ff53981d50d8219cfa4307', 1, '', '', '150426E - PENGURUSAN HASIL KERAJAAN', 12),
('ac5a92186cf9c43c5f2e5455dd4aac4e', 1, '', '', '180302E - PENGURUSAN ASET ALIH KERAJAAN', 40),
('837e07018e2ea0f1ba8bb8fd57f7af66', 1, '', '', '150417E - PELUPUSAN DAN HAPUS KIRA', 17),
('acc7eb0be5959bf83d0af7f2b3dc2702', 1, '', '', '150427E - PENGURUSAN KEWANGAN (ASAS)', 16),
('12c5ff703ccac163dfed75e426715212', 1, '', '', '150437E - PENGURUSAN KEWANGAN AWAM', 8),
('fceca9f836d6317bed3bf9c51ba0b1e2', 1, '', '', '84668EP - FINANCIAL BASICS FOR NON-FINANCIAL MANAGERS (SECOND EDITION) (INCLUDES SIMULATION)', 3),
('dfb459dbb8d5ad3332b1f34cc18637de', 1, '', '', '160016E - EFFECTIVE COMMUNICATION', 20),
('7e628f777e2e224dea31387c69d8503d', 1, '', '', '040120E - NILAI DAN ETIKA', 18),
('e93a0361fddc36fa859afb275f25ff65', 1, '', '', '150438E - INTEGRITI DAN AKAUNTABILITI', 24),
('233ea6d2db377c2e93fe84bead01a067', 1, '', '', '000608E - PENGURUSAN MESYUARAT BERKESAN &amp; PENULISAN MINIT MESYUARAT BERKUALITI', 4),
('9e135728a78d4b74fdf9a3116afee7c9', 1, '', '', '000819E - MINUTES OF MEETING', 6),
('6bf77a630e8e9d0eaa9515269d9f16e9', 1, '', '', '130085E - COACHING &amp; MENTORING', 8),
('0b4ae9cd9939a74fc8d5cceeebf7801c', 1, '', '', '010119E - LATIHAN UNTUK JURULATIH', 4),
('22d3ebddd0180d3186b12c7d8d063ab8', 1, '', '', '180005E - LETTER WRITING', 6),
('2b1a8236f3d558170040d675f7a24a1c', 1, '', '', '030014E - PEMANTAPAN BUDAYA INOVASI DAN KUMPULAN INOVATIF KREATIF (KIK)', 8),
('743e7d9b02390dd32c7d2a5c80ec7775', 1, '', '', '140006E - PERANCANGAN DAN PENGURUSAN PROJEK (ASAS)', 8),
('d65518a73027be8342bd28c1dead9268', 1, '', '', '020909E - BEST PRACTICES AND SUCCESS FACTORS IN PROJECT MANAGEMENT', 4),
('0abde355b614e7fc1b4c3b9e451b9e9c', 1, '', '', '180011E - AMALAN 5S BERKESAN', 12),
('139335c0b07b7f2fe4525c368ba3b1ee', 1, '', '', '866EP - PROJECT MANAGEMENT FUNDAMENTALS: SECOND EDITION', 4),
('5c9365a9ed205aee65c400e3d0447d4d', 1, '', '', '3404EP - PROJECT INTEGRATION MANAGEMENT', 4),
('055e85775e6e93b4d33325a0331d0da1', 1, '', '', '020717E - RESEARCH METHODOLOGY', 30),
('7cb6b3768a0809e20f69677b7309040b', 1, '', '', '180006E - KAJIAN KEMUNGKINAN', 8),
('66f04526542909e1c9a54e2640471658', 1, '', '', '130047E - INTRODUCTION TO WRITING CASE STUDIES', 8),
('55c04573fabb721b6397427dc99f3c00', 1, '', '', '020712E - STATISTICAL ANALYSIS AND DATA MANAGEMENT', 30),
('ff481480b2d18e6d9bb321cc3d264cf1', 1, '', '', '18007E - CASE WRITING', 8),
('467391b1ae5e9a07b89a556e9d502553', 1, '', '', '000500E - KONNICHIWA: COMMUNICATIVE JAPANESE - A FIRST STEP', 20),
('6dad31dd1a3c4b8b4093a434e9d1e919', 1, '', '', '008821E - 24/7 ENGLISH PRE INTERMEDIATE I', 80),
('0650fd934d95f73ca02ce5c14f3bdd71', 1, '', '', '008821EII - 24/7 ENGLISH PRE INTERMEDIATE II', 80),
('72862c6da9cacef33c770105cc7175a6', 1, '', '', '0088220E - 24/7 ENGLISH INTERMEDIATE I', 80),
('eb81568acc1356d2a4a01c57ffe0e3df', 1, '', '', '0088220EII - 24/7 ENGLISH INTERMEDIATE II', 80),
('f69958093e371776a4f32af6fa8b35b4', 1, '', '', '008822E - 24/7 BUSINESS ENGLISH I', 80),
('796fa3ed8cab2f85d82163ba0c4bf91f', 1, '', '', '008822EII - 24/7 BUSINESS ENGLISH II', 80),
('c5d2dd4cc76f3f4f6ccf015f82545f15', 1, '', '', '040403E - PENGENALAN KEPADA DASAR-DASAR UTAMA KERAJAAN', 14),
('11d49a24122189f59001363bc9ec04ff', 1, '', '', '040410E - DASAR AWAM GUNAAN PERINGKAT ASAS', 18),
('b3632901c6d762ebf6122b8ca241b0e9', 1, '567033aa98c9a883dbaa391cfca4b6a8', '91627EP', 'PHP 5: AN INTRODUCTION', 8),
('30ee6a9b9a51dcad8e7054c4af3a225c', 1, '567033aa98c9a883dbaa391cfca4b6a8', '16964EP', 'XML: AN INTRODUCTION 9 (THIRD EDITION)', 12),
('b3d8790f1664e36b04fb197e78c05d42', 1, '567033aa98c9a883dbaa391cfca4b6a8', '87152EP', 'MICROSOFT OFFICE PROJECT 2007: PROFESIONAL', 11),
('e8a5798d68274623cb07a398e90b63fd', 1, 'abe2d80457d4369e170c7f3437e831b0', '150426E', 'PENGURUSAN HASIL KERAJAAN', 12),
('009427da90a07bbd637c798b42e9e700', 1, 'abe2d80457d4369e170c7f3437e831b0', '180302E', 'PENGURUSAN ASET ALIH KERAJAAN', 40),
('137ad4b0ebfc292e0c08da0686209692', 1, 'e99efcc148c0f5ceb909b12d45be3dc3', '160016E', 'EFFECTIVE COMMUNICATION', 20),
('061847e52aecb87f2a34c4c5bc44975a', 1, 'e99efcc148c0f5ceb909b12d45be3dc3', '040120E', 'NILAI DAN ETIKA', 18);

-- --------------------------------------------------------

--
-- Table structure for table `gred`
--

CREATE TABLE IF NOT EXISTS `gred` (
  `gids` varchar(32) NOT NULL,
  `gred` varchar(5) NOT NULL
) ENGINE=MyISAM DEFAULT CHARSET=latin1;

--
-- Dumping data for table `gred`
--

INSERT INTO `gred` (`gids`, `gred`) VALUES
('0da030aefb5e6d3abc8bb476b35d404d', 'N17'),
('c02b08bf08436cd201cece8bee47496e', 'N22'),
('64441dcbe3a23118963c6f97b9ce9b4f', 'N27'),
('8f23893636a748a59ed7669c099b3a0d', 'F41'),
('8df3c5b465b86b1642e2d56ba0b09350', 'N41'),
('8357c3366de4a64db1d146c8974b44fb', 'F48'),
('24280df578a5fb45902dc5ea632342f4', 'F52'),
('b649f88408a1219a50371b52fe70de53', 'JUSA');

-- --------------------------------------------------------

--
-- Table structure for table `kategori`
--

CREATE TABLE IF NOT EXISTS `kategori` (
  `tids` varchar(32) NOT NULL,
  `kategori` varchar(255) NOT NULL
) ENGINE=MyISAM DEFAULT CHARSET=latin1;

--
-- Dumping data for table `kategori`
--

INSERT INTO `kategori` (`tids`, `kategori`) VALUES
('567033aa98c9a883dbaa391cfca4b6a8', 'TEKNOLOGI MAKLUMAT DAN KOMUNIKASI'),
('abe2d80457d4369e170c7f3437e831b0', 'PENGURUSAN KEWANGAN'),
('e99efcc148c0f5ceb909b12d45be3dc3', 'KEMAHIRAN ASAS / PEMBINAAN KENDIRI');

-- --------------------------------------------------------

--
-- Table structure for table `kendiri`
--

CREATE TABLE IF NOT EXISTS `kendiri` (
  `dids` varchar(32) NOT NULL,
  `ddelete` int(1) NOT NULL DEFAULT '1',
  `dstatus` int(1) NOT NULL DEFAULT '1',
  `unokp` varchar(12) NOT NULL,
  `dpada` int(11) NOT NULL,
  `djenis` int(1) NOT NULL,
  `dlain` varchar(255) NOT NULL,
  `eids` varchar(32) NOT NULL,
  `dtajuk` text NOT NULL,
  `dtmula` varchar(10) NOT NULL,
  `dtmula2` int(11) NOT NULL,
  `dttamat` varchar(10) NOT NULL,
  `dttamat2` int(11) NOT NULL,
  `dtempat` varchar(255) NOT NULL,
  `djumlah` varchar(10) NOT NULL,
  `dnota` text NOT NULL,
  `dpelulus` varchar(12) NOT NULL,
  `dtlulus` int(11) NOT NULL,
  PRIMARY KEY (`dids`)
) ENGINE=MyISAM DEFAULT CHARSET=latin1;

--
-- Dumping data for table `kendiri`
--

INSERT INTO `kendiri` (`dids`, `ddelete`, `dstatus`, `unokp`, `dpada`, `djenis`, `dlain`, `eids`, `dtajuk`, `dtmula`, `dtmula2`, `dttamat`, `dttamat2`, `dtempat`, `djumlah`, `dnota`, `dpelulus`, `dtlulus`) VALUES
('5dc527776bd2ea87e406284ba9944a52', 1, 5, '555555555555', 1316875531, 1, '', 'e8a5798d68274623cb07a398e90b63fd', '', '19/09/2011', 1316408400, '20/09/2011', 1316494800, '', '12', '', 'SUPERADMIN', 1316879354),
('1a8125688aafb263532d55d6d803a3a7', 1, 1, '333333333333', 1316814196, 1, '', '137ad4b0ebfc292e0c08da0686209692', '', '20/09/2011', 1316494800, '23/09/2011', 1316754000, '', '20', '', '', 0),
('79de65fa68a93e18bb5b6c7ac619a19e', 1, 2, '111111111111', 1316790357, 1, '', '009427da90a07bbd637c798b42e9e700', '', '20/09/2011', 1316494800, '21/09/2011', 1316581200, '', '40', '', 'SUPERADMIN', 1316851545),
('f9591be826cb6f82f3f0efe4da113a8f', 1, 5, '111111111111', 1316790113, 1, '', '30ee6a9b9a51dcad8e7054c4af3a225c', '', '12/09/2011', 1315803600, '14/09/2011', 1315976400, '', '12', '', 'SUPERADMIN', 1316851587);

-- --------------------------------------------------------

--
-- Table structure for table `kumpulan`
--

CREATE TABLE IF NOT EXISTS `kumpulan` (
  `pid` int(11) NOT NULL,
  `pids` varchar(32) NOT NULL,
  `pdelete` int(11) NOT NULL DEFAULT '1',
  `kumpulan` varchar(255) NOT NULL,
  PRIMARY KEY (`pids`),
  KEY `pids` (`pids`)
) ENGINE=MyISAM DEFAULT CHARSET=latin1;

--
-- Dumping data for table `kumpulan`
--

INSERT INTO `kumpulan` (`pid`, `pids`, `pdelete`, `kumpulan`) VALUES
(3, 'd6e665a384cd9b3422c89afcf7fdcacf', 1, 'PENGURUSAN &amp; PROFESIONAL'),
(4, '20405c7381b398df48ca54fe3039ee45', 1, 'SOKONGAN I'),
(5, '0dea02fbd51d820eb2bda746b091ef22', 1, 'SOKONGAN II'),
(2, 'acf4f05c7e9821b3d980e4e4e0b178f9', 1, 'PENGURUSAN TERTINGGI'),
(1, '6ded5547a232aa43eb4a1d238212f1d6', 2, 'JAWATAN UTAMA');

-- --------------------------------------------------------

--
-- Table structure for table `kursus`
--

CREATE TABLE IF NOT EXISTS `kursus` (
  `kids` varchar(32) NOT NULL,
  `kdelete` int(1) NOT NULL DEFAULT '1',
  `kjenis` int(1) NOT NULL,
  `kanjuran` varchar(255) NOT NULL,
  `bids` varchar(32) NOT NULL,
  `ksektor` varchar(255) NOT NULL,
  `ktajuk` text NOT NULL,
  `kbidang` varchar(255) NOT NULL,
  `ktmula` varchar(10) NOT NULL,
  `ktmula2` int(11) NOT NULL,
  `kttamat` varchar(10) NOT NULL,
  `kttamat2` int(11) NOT NULL,
  `kcuti` int(1) NOT NULL,
  `kjumlah` int(11) NOT NULL,
  `klokasi` varchar(255) NOT NULL,
  `kpenyedia` varchar(255) NOT NULL,
  `kkos` varchar(20) NOT NULL,
  `koleh` varchar(12) NOT NULL,
  `kpada` int(11) NOT NULL,
  PRIMARY KEY (`kids`)
) ENGINE=MyISAM DEFAULT CHARSET=latin1;

--
-- Dumping data for table `kursus`
--

INSERT INTO `kursus` (`kids`, `kdelete`, `kjenis`, `kanjuran`, `bids`, `ksektor`, `ktajuk`, `kbidang`, `ktmula`, `ktmula2`, `kttamat`, `kttamat2`, `kcuti`, `kjumlah`, `klokasi`, `kpenyedia`, `kkos`, `koleh`, `kpada`) VALUES
('35d5eb4dd49fd9dd4def62e566ef4238', 2, 1, '2', '', 'HAQIS', 'Kursus PHP &amp; mySQL', 'IT', '27/08/2011', 1314374400, '30/08/2011', 1314633600, 1, 4, 'PUCHONG', 'JOMTRAINING', '', 'ADMIN', 1314299909),
('84d5ddf223d706850659020659308a49', 2, 2, '1', '55b615a2763053eca198c7fee078ffec', '', 'HOSPITAL UNIVERSITI\r\nPembangunan dan Penyelenggaraan', 'PENGURUSAN', '28/10/2011', 1319731200, '09/11/2011', 1320768000, 2, 9, 'SINGAPORE', 'UNIT LATIHAN', '', 'ADMIN', 1314301960),
('eaaabbc232bc34b606454b8e796a7cea', 2, 1, '1', 'a9a5053fdf71824225e4e3f5a1527be1', '', 'KURSUS PHP &amp; MySQL', 'ICT', '01/08/2011', 1312128000, '08/08/2011', 1312732800, 2, 6, 'PUCHONG', 'JTC', '', '720901105041', 1314347575),
('f090ab562e8066d8af7f22975731322e', 2, 1, '1', 'a9a5053fdf71824225e4e3f5a1527be1', '', 'Kursus Web Profesional Joomla! 1.5', 'IT', '04/07/2011', 1309708800, '08/07/2011', 1310054400, 2, 5, 'PUCHONG', 'JTC', '', '720901105041', 1314513149),
('63bad21cb6ae295ec47cbf60f41e6100', 2, 1, '1', '0c63d083b12b7272ccfde6dcfd16013f', '', 'Merancang Kewangan', 'KEWANGAB', '01/08/2011', 1312128000, '03/08/2011', 1312300800, 1, 3, 'PUCHONG', 'JTC', '', '720901105041', 1314518799),
('d7da5988cebba22cd7b8beca72924388', 2, 1, '1', '0c63d083b12b7272ccfde6dcfd16013f', '', 'Pengurusan Akaun', 'AKAUN', '15/08/2011', 1313337600, '18/08/2011', 1313596800, 1, 4, 'PUCHONG', 'JTC', '', '720901105041', 1314518832),
('1a3c72c9b2eb9ebcdf823d3eec9b71a0', 1, 1, '1', 'a9a5053fdf71824225e4e3f5a1527be1', '', 'Kursus Joomla! 1.5', 'IT', '02/11/2010', 1288627200, '03/11/2010', 1288713600, 1, 2, 'PUCHONG', 'JTC', '', '720901105041', 1314580084),
('f6110fadbbb2f1bfef2593f42f59f7a5', 1, 1, '1', '0c63d083b12b7272ccfde6dcfd16013f', '', 'Kursus Bina Insan', 'MOTIVASI', '10/08/2010', 1281369600, '12/08/2010', 1281542400, 1, 3, 'JANDA BAIK, PAHANG', 'JTC', '', '720901105041', 1314586068),
('5c96e5c7e2f8b8c72cd9c1094a87ca0c', 1, 1, '1', '0c63d083b12b7272ccfde6dcfd16013f', '', 'Kursus Presentation', 'MANAGEMENT', '04/08/2009', 1249315200, '06/08/2009', 1249488000, 1, 3, 'KL', 'JTC', '', '720901105041', 1314586378),
('2adb925a1fde592457fcc5cc1efde163', 1, 1, '1', '0c63d083b12b7272ccfde6dcfd16013f', '', 'Kursus Kepimpinan', 'PENGURUSAN', '01/08/2012', 1343750400, '02/08/2012', 1343836800, 1, 2, 'KL', 'JTC', '', '720901105041', 1314586519),
('0ec9a6cb58921f9f1488e54d6ba27e85', 1, 1, '1', '0c63d083b12b7272ccfde6dcfd16013f', '', 'Kursus Memasak', 'MEMASAK', '01/08/2012', 1343750400, '02/08/2012', 1343836800, 1, 2, 'KL', 'JTC', '', '720901105041', 1314586988),
('5da70361b6cb4ef62844baf38c0aa52c', 1, 1, '3', '', 'LIVEWEBS NETWORK &amp; TECHNOLOGY SDN. BHD.', 'KURSUS PHP &amp; MySQL (ASAS &amp; PERTENGAHAN)', 'ICT', '06/06/2011', 1307336400, '09/06/2011', 1307595600, 1, 4, '1 PUCHONG BUSINESS PARK', 'JOMTRAINING', '1800', 'SUPERADMIN', 1316852317),
('d8010d5b81676c856a928fb6df8cbd0c', 2, 1, '1', 'a9a5053fdf71824225e4e3f5a1527be1', '', 'Kursus PHP &amp; MySQL', 'ICT', '25/07/2011', 1311523200, '28/07/2011', 1311782400, 1, 4, '1 PUCHONG BUSINESS PARK', 'JOMTRAINING', '', 'SUPERADMIN', 1314594526),
('007f7bfa15255b0a90a320ca80234396', 2, 1, '1', 'a9a5053fdf71824225e4e3f5a1527be1', '', 'Kursus Web Joomla! 1.5', 'ICT', '18/04/2011', 1303056000, '19/04/2011', 1303142400, 1, 2, '1 PUCHONG BUSINESS PARK', 'JOMTRAINING', '', 'SUPERADMIN', 1314594589),
('c75b4cfc50810123fde3d2a0ed4fcbf8', 1, 1, '2', '96c263baff3442ede8e96e2990b7ae33', '', 'MOTIVASI DIRI SIRI 3', '', '12/09/2011', 1315803600, '14/09/2011', 1315976400, 2, 3, 'JPA', '', '', 'SUPERADMIN', 1316806487),
('1ac760d266cc8e176f4c49cb2ee87b38', 2, 1, '1', 'a9a5053fdf71824225e4e3f5a1527be1', '', 'Kursus Web Joomla! 1.5', 'ICT', '08/08/2011', 1312732800, '09/08/2011', 1312819200, 1, 2, '1 PUCHONG BUSINESS PARK', 'JOMTRAINING', '', 'SUPERADMIN', 1314594732),
('dbc27524ef763e35640a5f7d2c7e0eba', 1, 1, '2', '3632dd2575c3b5f14d334962cbb0669a', '', 'TAKLIMAT SISTEM PERSEKITARAN BERKUALITI (AMALAN 5S/ MS ISO 9001:2008) BIL. 2', 'KEPAKARAN', '11/02/2011', 1297404000, '11/02/2011', 1297404000, 2, 1, 'JPA', 'PENCERAMAH JABATAN', '', 'SUPERADMIN', 1316772679),
('f5087126bc19f87a1b56f87f05ea9613', 1, 1, '2', '4e27c09ece9961416ea47204fc4b8c17', '', 'KURSUS MOTIVASI: SAYA SEBENARNYA...', 'ORGANISASI', '16/02/2011', 1297836000, '18/02/2011', 1298008800, 2, 3, 'HOTEL LE PARIS, PORT DICKSON', 'IMPACT LEARNING RESOURCES SDN BHD', '', 'SUPERADMIN', 1316772442),
('582c97efe0a12914d957d7097fc8ae1f', 1, 1, '1', '96c263baff3442ede8e96e2990b7ae33', '', 'PROGRAM RETREAT AKRAB', 'PERSONAL', '21/02/2011', 1298217600, '23/02/2011', 1298390400, 2, 3, 'PNB ILHAM RESORT, PORT DICKSON', 'SAC CONSULTANT SDN BHD', '', '780728105477', 1315358103),
('4dad28decbf467b08e0d5399fb0ae0fb', 1, 1, '2', '744a11a174fae4780c9bad0db672ed85', '', 'TRANSFORMASI KEPIMPINAN', 'KEPIMPINAN', '22/02/2011', 1298354400, '24/02/2011', 1298527200, 2, 3, 'HOTEL PUTERI RESORT, MELAKA', 'IMPACT LEARNING RESOURCES SDN BHD', '', 'SUPERADMIN', 1316772499),
('fd7d4d6a8e6f028a74946efb6c6e3235', 1, 1, '4', '', 'INTAN', 'PROTOKOL, ETIKET DAN SOSIAL', 'PENGURUSAN', '22/02/2011', 1298354400, '24/02/2011', 1298527200, 2, 3, 'HOTEL SERI COSTA, MELAKA', 'BESTPRENEUR SDN BHD', '', 'SUPERADMIN', 1316772723),
('af173f7dedfc80b5e33b440c320926e3', 1, 1, '2', '96c263baff3442ede8e96e2990b7ae33', '', 'KURSUS MODUL INDUKSI KHUSUS SIRI 1/2011', '', '08/03/2011', 1299564000, '11/03/2011', 1299823200, 2, 4, 'HOTEL GENTING VIEW RESORT, PAHANG', 'PENCERAMAH JABATAN', '', 'SUPERADMIN', 1316806554),
('2714215fa149d1507ba6341b057a10c9', 1, 1, '4', '', 'MAMPU', 'STRATEGI DALAM KOMUNIKASI', 'KOMUNIKASI', '15/03/2011', 1300165200, '18/03/2011', 1300424400, 2, 4, 'SURIA CITY HOTEL, JOHOR', 'BESTPRENEUR SDN BHD', '', 'SUPERADMIN', 1316772708),
('0f918c0e0dcc6682654b6610f6189d37', 1, 1, '1', '96c263baff3442ede8e96e2990b7ae33', '', 'PROGRAM PENINGKATAN KAUNSELING ASAS', 'PERSONAL', '22/03/2011', 1300723200, '25/03/2011', 1300982400, 2, 4, 'HOTEL MAHKOTA, MELAKA', 'PENCERAMAH JABATAN', '', '780728105477', 1315370573),
('67ebeceb7161ae9d3218780918e48f78', 1, 1, '1', '', 'JPA', 'KURSUS ORIENTASI JPA SIRI 1/2011', '', '29/03/2011', 1301374800, '01/04/2011', 1301634000, 2, 4, 'HOTEL SERI MALAYSIA, BAGAN LALANG', 'PENCERAMAH JABATAN', '', 'SUPERADMIN', 1316806602),
('bd056c1200e1d97fec7dfcd65020e93b', 1, 1, '2', '744a11a174fae4780c9bad0db672ed85', '', 'PESARA YANG CEMERLANG', 'PERSONAL', '05/04/2011', 1301979600, '08/04/2011', 1302238800, 2, 4, 'HOTEL SUNWAY GEORGETOWN, PULAU PINANG', 'PENCERAMAH JABATAN', '', 'SUPERADMIN', 1316772935),
('8f4f3a8370182fe79fc091de1446e41a', 1, 1, '1', '', 'JPA', 'PROGRAM PEMBANGUNAN DIRI SIRI 1', 'PERSONAL', '13/04/2011', 1302670800, '14/04/2011', 1302757200, 2, 2, 'JPA', 'PENCERAMAH JABATAN', '', 'SUPERADMIN', 1316772655),
('b152377a74b6b318bbe84819dc6a1c29', 1, 1, '1', '96c263baff3442ede8e96e2990b7ae33', '', 'PROGRAM KESEDARAN PSIKOLOGI SIRI 1 (TERAPI KESIHATAN 1 MALAYSIA)', 'PERSONAL', '18/04/2011', 1303056000, '18/04/2011', 1303056000, 2, 1, 'JPA', 'PENCERAMAH JABATAN', '', '780728105477', 1315371355),
('e8720903dcc23bd0492b99e39aa37057', 1, 1, '2', 'd0fb09cecc86e38a714f01aaa0c806b7', '', 'KURSUS MODUL INDUKSI UMUM SIRI 1/2011', 'MANDATORI', '18/04/2011', 1303102800, '22/04/2011', 1303448400, 2, 5, 'PNB ILHAM RESORT, PORT DICKSON', 'PENCERAMAH JABATAN', '', 'SUPERADMIN', 1316772419),
('186a9ce89d23cd592d494fa5576691a3', 1, 1, '3', '', 'USMART RESOURCES SDN. BHD', 'PROGRAM MASIH ADA YANG SAYANG SIRI 1', 'PERSONAL', '20/04/2011', 1303275600, '22/04/2011', 1303448400, 2, 3, 'KEDAH &amp; PERAK', 'PENCERAMAH JABATAN', '', 'SUPERADMIN', 1316772638),
('550ef52e9fa06c79221961cda1174125', 1, 1, '2', '96c263baff3442ede8e96e2990b7ae33', '', 'HIGH PERFORMANCE WORKSHOP SIRI 1', 'KEPIMPINAN', '25/04/2011', 1303707600, '25/04/2011', 1303707600, 2, 1, 'JPA', 'PENCERAMAH JABATAN', '', 'SUPERADMIN', 1316772380),
('1acd1a36e9080a4d4568614302445c11', 2, 1, '1', '96c263baff3442ede8e96e2990b7ae33', '', 'a', 'A', '14/09/2011', 1315976400, '20/09/2011', 1316494800, 2, 5, 'AA', 'A', '', '780728105477', 1315469977);

-- --------------------------------------------------------

--
-- Table structure for table `latihan`
--

CREATE TABLE IF NOT EXISTS `latihan` (
  `lids` varchar(32) NOT NULL,
  `ldelete` int(1) NOT NULL DEFAULT '1',
  `lstatus` int(1) NOT NULL DEFAULT '1',
  `kids` varchar(32) NOT NULL,
  `unokp` varchar(12) NOT NULL,
  `lpada` int(11) NOT NULL,
  `lnota` text NOT NULL,
  `lpelulus` varchar(12) NOT NULL,
  `ltlulus` int(11) NOT NULL,
  PRIMARY KEY (`lids`)
) ENGINE=MyISAM DEFAULT CHARSET=latin1;

--
-- Dumping data for table `latihan`
--

INSERT INTO `latihan` (`lids`, `ldelete`, `lstatus`, `kids`, `unokp`, `lpada`, `lnota`, `lpelulus`, `ltlulus`) VALUES
('3d315d323befe30733eeebabae532da3', 1, 2, '4dad28decbf467b08e0d5399fb0ae0fb', '780728105477', 1315377858, '', '780728105477', 1315378035),
('27b5c37112a2aecac603bd4a9ef5608b', 1, 3, '550ef52e9fa06c79221961cda1174125', '72102015126', 1315475194, '', 'SUPERADMIN', 1316540286),
('733e4b46e918843e99a9f3589a54cfcf', 1, 2, 'af173f7dedfc80b5e33b440c320926e3', '830924126171', 1315378295, '', '780728105477', 1315378381),
('0a7bd047266b85b28bbd38ebc5fabc55', 1, 2, '007f7bfa15255b0a90a320ca80234396', '999999999999', 1315003544, '', '720901105041', 1315173755),
('337b66d736a8d9fbfca6fb77e519b18e', 1, 5, 'dbc27524ef763e35640a5f7d2c7e0eba', '333333333333', 1316819134, '', 'SUPERADMIN', 1316849236),
('797082fb72936aed9e80620cfccc97e6', 1, 2, '94e035889b5783461e1d65dc314c5ba3', '999999999999', 1315003564, '', 'SUPERADMIN', 1315197598),
('ab92ff76494ca7510d5ab48bca422d8d', 1, 1, 'f6110fadbbb2f1bfef2593f42f59f7a5', '720901105041', 1314586214, '', '', 0),
('03f69c193977443a1392f135623fa150', 1, 2, 'dd0d5bfd61433fdfdbf360470ac86cb4', '780728105477', 1315452847, '', '780728105477', 1315452970),
('3b7ce86a6334c3214cc02880cc88b1cc', 1, 5, '550ef52e9fa06c79221961cda1174125', '333333333333', 1316819231, '', 'SUPERADMIN', 1316848949),
('b78b7609b280bef6490e982f7640ae0d', 1, 2, '343bcbee1804bad4128e8eb632202c54', '444444444444', 1316564301, '', 'SUPERADMIN', 1316564360),
('d69d24ccbfd878fc27e5f78f25528b3e', 1, 5, 'c75b4cfc50810123fde3d2a0ed4fcbf8', '333333333333', 1316819338, '', 'SUPERADMIN', 1316848880),
('920e2b214219330936116562f2ba10b0', 1, 5, 'e8720903dcc23bd0492b99e39aa37057', '111111111111', 1316839157, '', 'SUPERADMIN', 1316848738),
('a86d0b01975c518f5c7587d70ee77386', 1, 4, 'f5087126bc19f87a1b56f87f05ea9613', '555555555555', 1316875477, '', 'SUPERADMIN', 1316879192),
('fbb7317be26bf32bc0a35532ea9d8f00', 1, 1, 'b152377a74b6b318bbe84819dc6a1c29', '222222222222', 1316880773, '', '', 0),
('743538f0cd624c590f53ea6b6780cef2', 1, 1, '550ef52e9fa06c79221961cda1174125', '222222222222', 1316881075, '', '', 0);

-- --------------------------------------------------------

--
-- Table structure for table `program`
--

CREATE TABLE IF NOT EXISTS `program` (
  `rid` int(11) NOT NULL AUTO_INCREMENT,
  `rdelete` int(1) NOT NULL DEFAULT '1',
  `rkategori` int(1) NOT NULL,
  `rids` varchar(32) NOT NULL,
  `unokp` varchar(12) NOT NULL,
  `rtmula` varchar(10) NOT NULL,
  `rtmula2` int(11) NOT NULL,
  `rttamat` varchar(10) NOT NULL,
  `rttamat2` int(11) NOT NULL,
  PRIMARY KEY (`rid`)
) ENGINE=MyISAM  DEFAULT CHARSET=latin1 AUTO_INCREMENT=83 ;

--
-- Dumping data for table `program`
--

INSERT INTO `program` (`rid`, `rdelete`, `rkategori`, `rids`, `unokp`, `rtmula`, `rtmula2`, `rttamat`, `rttamat2`) VALUES
(1, 1, 1, 'fcb60196e32f934ffce1f9ce0e91437f', '111111111111', '27/08/2011', 1314374400, '', 0),
(2, 1, 1, 'e179787cea6e2c367b20a7c7a45bea1f', '720901105041', '01/08/2011', 1312128000, '', 0),
(3, 1, 2, '5ebddeb6bc5ffc1ba8ef971391bb9c1a', '111111111111', '26/08/2011', 1, '', 0),
(4, 1, 1, '229abee51980b82e762305d7917d9c53', '711111112222', '01/07/2011', 1309449600, '', 0),
(5, 1, 2, '17c4ea8e6dc703e821a3ce8a0aa71179', '720901105041', '01/08/2011', 1312128000, '', 0),
(6, 1, 1, '9b9b01f88970602c6e382aa481f37d72', '720901105041', '28/10/2011', 1319731200, '', 0),
(7, 1, 1, '45e9411e1010d9fa91a977b136eceac9', '711111112222', '27/08/2011', 1314374400, '', 0),
(8, 1, 1, '13f6fcafe271221f6fa50441b1586775', '880808080801', '27/08/2011', 1314374400, '', 0),
(9, 1, 2, '35f78ed4be2365b0483685b2de2150b4', '880808080801', '10/10/2011', 1318176000, '', 0),
(10, 1, 3, '71e59ddd56b7f79c650d0aaa361a81b7', '880808080801', '28/08/2011', 1314460800, '', 0),
(65, 1, 3, '79de65fa68a93e18bb5b6c7ac619a19e', '111111111111', '20/09/2011', 1316494800, '', 0),
(12, 1, 1, 'bbb6ebc18978daf62a1153c4a0ad6953', '720901105041', '01/08/2011', 1312128000, '', 0),
(13, 1, 2, '7dabc3ac54da06d359ef2b54bc02d633', '720901105041', '22/08/2011', 1313942400, '', 0),
(14, 1, 2, '53817d9dd5dcc58a6a9f77cab075b602', '720901105041', '22/08/2011', 1313942400, '', 0),
(15, 1, 2, 'a75dfefbc3621c46631585b6da33b3ec', '720901105041', '23/08/2011', 1314028800, '', 0),
(16, 1, 2, 'b97f1729e01611feb126c1da13cfa3c4', '720901105041', '07/08/2011', 1312646400, '', 0),
(17, 1, 2, '7eef7e512e77df28c178bf692a45b7ca', '720901105041', '01/08/2011', 1312128000, '', 0),
(18, 1, 2, '393b21e4fcd08f9ff7380806cb9d811e', '720901105041', '04/08/2011', 1312387200, '', 0),
(19, 1, 2, 'd0273c017f5b476d45d727a072c71ce0', '720901105041', '08/06/2011', 1307462400, '', 0),
(20, 1, 2, '40f1cc22b7dffd328ddf281c5015c46b', '720901105041', '08/08/2011', 1312732800, '', 0),
(21, 1, 3, 'c7bd52b7da489bcc9f3c8d86a90d6421', '720901105041', '09/08/2011', 1312819200, '', 0),
(22, 1, 3, '0d968dc116ef38303dcca0515bcb4e4b', '720901105041', '22/08/2011', 1313942400, '', 0),
(23, 1, 1, 'f3fdc27e2729bb81f0531368efc042bd', '720901105041', '15/08/2011', 1313337600, '', 0),
(24, 1, 2, 'f0fd8034982bf952ca5b0fde5c5db4cb', '720901105041', '29/08/2011', 1314547200, '', 0),
(25, 1, 3, 'bdc6be42ff0f259fb7ad5812e14be7f6', '720901105041', '22/08/2011', 1313942400, '', 0),
(26, 1, 1, '008dbe344480b42d4040e04929a15e00', '720901105041', '27/08/2011', 1314374400, '', 0),
(27, 1, 1, 'ab92ff76494ca7510d5ab48bca422d8d', '720901105041', '10/08/2010', 1281369600, '', 0),
(28, 1, 1, '785e5189e8e2c5f696dc060d9be947b9', '720901105041', '01/08/2011', 1312128000, '', 0),
(29, 1, 1, '0a7bd047266b85b28bbd38ebc5fabc55', '999999999999', '18/04/2011', 1303056000, '', 0),
(30, 1, 1, '797082fb72936aed9e80620cfccc97e6', '999999999999', '18/07/2011', 1310918400, '', 0),
(31, 1, 2, 'df21d641abdd100701041544a54b8fd8', '999999999999', '01/09/2011', 1314806400, '01/09/2011', 1314806400),
(32, 1, 2, '3a2d46a371806423d15ed8f95d1be320', '999999999999', '02/08/2011', 1312214400, '02/08/2011', 1312214400),
(33, 1, 1, '3d315d323befe30733eeebabae532da3', '780728105477', '22/02/2011', 1298304000, '', 0),
(34, 1, 3, '0865cd93585c2bb63a80dbac89238226', '780728105477', '08/08/2011', 1312732800, '09/08/2011', 1312819200),
(51, 1, 1, '27b5c37112a2aecac603bd4a9ef5608b', '72102015126', '25/04/2011', 1303660800, '', 0),
(36, 1, 1, '733e4b46e918843e99a9f3589a54cfcf', '830924126171', '08/03/2011', 1299513600, '', 0),
(37, 1, 3, '9a66c0b54d1f3f9cb8778e97e44df696', '830924126171', '09/08/2011', 1312819200, '09/08/2011', 1312819200),
(38, 1, 2, '51b2aad06f1c4811e36a10477232864c', '880808080801', '05/09/2011', 1315198800, '05/09/2011', 1315198800),
(39, 1, 1, '03f69c193977443a1392f135623fa150', '780728105477', '12/04/2011', 1302537600, '', 0),
(40, 1, 2, '3920f4f80f2b9fe91b45c082219a2659', '780728105477', '11/05/2011', 1305090000, '11/05/2011', 1305090000),
(41, 1, 2, '3ec07fa9c2e52cb3125a854762bfce78', '780728105477', '06/09/2011', 1315285200, '06/09/2011', 1315285200),
(42, 1, 3, 'e4f5fb9d2241efbbecfd76a473dd46a2', '780728105477', '06/09/2011', 1315285200, '14/09/2011', 1315976400),
(43, 1, 2, '622c016cf3332a5fad59d7a059b4704a', '780728105477', '05/09/2011', 1315198800, '05/09/2011', 1315198800),
(44, 1, 2, '979ed2cf1d5112289b2682e1e3bf572e', '780728105477', '06/09/2011', 1315285200, '06/09/2011', 1315285200),
(54, 1, 2, 'ae5ba8fee0912614dd22222c913ae50c', '720901105041', '06/09/2011', 1315285200, '06/09/2011', 1315285200),
(53, 1, 2, 'bbddd67871ea0795997954dfbad03009', '72102015126', '08/09/2011', 1315458000, '08/09/2011', 1315458000),
(64, 1, 3, 'f9591be826cb6f82f3f0efe4da113a8f', '111111111111', '12/09/2011', 1315803600, '', 0),
(63, 1, 3, 'ed03f1078a0c4f0d957d6b3eefda76a9', '111111111111', '08/09/2011', 1315458000, '', 0),
(57, 1, 2, 'ca04d8e757f62c2f6e197e70905eae04', 'SUPERADMIN', '04/09/2011', 1315112400, '', 0),
(58, 1, 3, 'b0ed2cb499a308451a5997161f91386a', '444444444444', '05/09/2011', 1315198800, '', 0),
(59, 1, 3, '2eaa99b7998783ff5c469eb3f3a1618c', '444444444444', '01/09/2011', 1314853200, '', 0),
(60, 1, 3, '4fb489ae7b0bc8c79b2f7a0fa160539b', '444444444444', '14/09/2011', 1315976400, '', 0),
(61, 1, 3, 'ad6973d5c426b2a8e005d6bd950ba349', '444444444444', '29/12/2011', 1325138400, '', 0),
(62, 1, 1, 'b78b7609b280bef6490e982f7640ae0d', '444444444444', '30/12/2011', 1325224800, '', 0),
(66, 1, 2, '5e5ed2d8a9d06688f8586174aac1a97c', 'SUPERADMIN', '12/09/2011', 1315803600, '', 0),
(67, 1, 3, '1a8125688aafb263532d55d6d803a3a7', '333333333333', '20/09/2011', 1316494800, '', 0),
(68, 1, 1, '337b66d736a8d9fbfca6fb77e519b18e', '333333333333', '11/02/2011', 1297404000, '', 0),
(69, 1, 1, '3b7ce86a6334c3214cc02880cc88b1cc', '333333333333', '25/04/2011', 1303707600, '', 0),
(70, 1, 1, 'd69d24ccbfd878fc27e5f78f25528b3e', '333333333333', '12/09/2011', 1315803600, '', 0),
(71, 1, 2, '549cb8a10bef2f6c1344e6f47ce7cde0', 'SUPERADMIN', '05/09/2011', 1315198800, '', 0),
(79, 1, 2, 'bc3cb44bb55ca8d1d202f41645ef5f44', 'SUPERADMIN', '05/09/2011', 1315198800, '', 0),
(73, 1, 2, '59c1af1c957d6f654c19ee3a531f66dd', 'SUPERADMIN', '19/09/2011', 1316408400, '', 0),
(80, 1, 3, '5dc527776bd2ea87e406284ba9944a52', '555555555555', '19/09/2011', 1316408400, '', 0),
(78, 1, 1, 'a86d0b01975c518f5c7587d70ee77386', '555555555555', '16/02/2011', 1297836000, '', 0),
(76, 1, 1, '920e2b214219330936116562f2ba10b0', '111111111111', '18/04/2011', 1303102800, '', 0),
(77, 1, 2, 'fb08b6db1f6a562b9cb03ea7c788a6a5', 'SUPERADMIN', '05/09/2011', 1315198800, '', 0),
(81, 1, 1, 'fbb7317be26bf32bc0a35532ea9d8f00', '222222222222', '18/04/2011', 1303056000, '', 0),
(82, 1, 1, '743538f0cd624c590f53ea6b6780cef2', '222222222222', '25/04/2011', 1303707600, '', 0);

-- --------------------------------------------------------

--
-- Table structure for table `sesi`
--

CREATE TABLE IF NOT EXISTS `sesi` (
  `sids` varchar(32) NOT NULL,
  `sdelete` int(1) NOT NULL DEFAULT '1',
  `sstatus` int(1) NOT NULL DEFAULT '1',
  `unokp` varchar(12) NOT NULL,
  `spada` int(11) NOT NULL,
  `sjenis` int(1) NOT NULL,
  `slain` varchar(255) NOT NULL,
  `stajuk` text NOT NULL,
  `sanjuran` text NOT NULL,
  `starikh` varchar(10) NOT NULL,
  `starikh2` int(11) NOT NULL,
  `stempat` varchar(255) NOT NULL,
  `swmula` varchar(10) NOT NULL,
  `swtamat` varchar(10) NOT NULL,
  `sjumlah` varchar(10) NOT NULL,
  `snota` text NOT NULL,
  `spelulus` varchar(12) NOT NULL,
  `stlulus` int(11) NOT NULL
) ENGINE=MyISAM DEFAULT CHARSET=latin1;

--
-- Dumping data for table `sesi`
--

INSERT INTO `sesi` (`sids`, `sdelete`, `sstatus`, `unokp`, `spada`, `sjenis`, `slain`, `stajuk`, `sanjuran`, `starikh`, `starikh2`, `stempat`, `swmula`, `swtamat`, `sjumlah`, `snota`, `spelulus`, `stlulus`) VALUES
('df21d641abdd100701041544a54b8fd8', 1, 2, '999999999999', 1315179045, 2, '', 'PERHIMPUNAN BULANAN JABATAN', 'ANjuran', '01/09/2011', 1314806400, 'JPA', '8', '8.5', '1', '', 'SUPERADMIN', 1315182578),
('3a2d46a371806423d15ed8f95d1be320', 1, 4, '999999999999', 1315004405, 1, '', 'Tajuk Ceramah', 'Anjuran ceramah', '02/08/2011', 1312214400, 'JPA', '8', '10', '2', '', 'SUPERADMIN', 1315182589),
('51b2aad06f1c4811e36a10477232864c', 1, 2, '880808080801', 1315447090, 2, '', 'PERHIMPUNAN BULANAN JABATAN', '', '05/09/2011', 1315198800, 'BILIK MESYUARAT JABATAN', '9', '12', '1', '', '880808080801', 1315447150),
('3920f4f80f2b9fe91b45c082219a2659', 1, 2, '780728105477', 1315453138, 2, '', 'PERHIMPUNAN BULANAN JABATAN mei', '', '11/05/2011', 1305090000, '', '8', '13.5', '1', '', '780728105477', 1315453164),
('3ec07fa9c2e52cb3125a854762bfce78', 1, 2, '780728105477', 1315453234, 3, '', 'PERHIMPUNAN BULANAN BAHAGIAN', '', '06/09/2011', 1315285200, '', '8', '13', '0.5', '', '780728105477', 1315453262),
('622c016cf3332a5fad59d7a059b4704a', 1, 2, '780728105477', 1315453404, 1, '', 'ceramah suzi', '', '05/09/2011', 1315198800, '', '8.5', '10.5', '2', '', '780728105477', 1315453424),
('979ed2cf1d5112289b2682e1e3bf572e', 1, 2, '780728105477', 1315453464, 1, '', 'ceramah suzi lagi', '', '06/09/2011', 1315285200, '', '8.5', '12', '3.5', '', '780728105477', 1315453680),
('bbddd67871ea0795997954dfbad03009', 1, 3, '72102015126', 1315475450, 5, '', 'apape je', '', '08/09/2011', 1315458000, '', '8', '8.5', '0.5', '', '720901105041', 1315475610),
('ae5ba8fee0912614dd22222c913ae50c', 1, 1, '720901105041', 1315537591, 5, '', 'GLC', '', '06/09/2011', 1315285200, 'TM BANGSAR', '8', '17.5', '9.5', '', '', 0),
('5e5ed2d8a9d06688f8586174aac1a97c', 1, 3, '333333333333', 1316814127, 2, '', 'PERHIMPUNAN BULANAN JABATAN', '', '12/09/2011', 1315803600, '', '8', '8.5', '1', '', 'SUPERADMIN', 1316848596),
('ca04d8e757f62c2f6e197e70905eae04', 1, 2, '444444444444', 1316499653, 5, '', 'tajuk mm', '', '04/09/2011', 1315112400, 'TEMPAT MM', '8', '17.5', '1', '', 'SUPERADMIN', 1316848608),
('549cb8a10bef2f6c1344e6f47ce7cde0', 1, 5, '333333333333', 1316819590, 3, '', 'PERHIMPUNAN BULANAN BAHAGIAN', '', '05/09/2011', 1315198800, '', '8', '8.5', '0.5', '', 'SUPERADMIN', 1316848571),
('59c1af1c957d6f654c19ee3a531f66dd', 1, 4, '333333333333', 1316819657, 5, '', 'mm', '', '19/09/2011', 1316408400, '', '8', '8.5', '1', '', 'SUPERADMIN', 1316848584),
('fb08b6db1f6a562b9cb03ea7c788a6a5', 1, 2, '111111111111', 1316839392, 5, '', 'Usahawan Tani', 'FAMA', '05/09/2011', 1315198800, 'TANJONG KARANG', '8', '17', '1', '', 'SUPERADMIN', 1316852138),
('bc3cb44bb55ca8d1d202f41645ef5f44', 1, 4, '555555555555', 1316875500, 2, '', 'PERHIMPUNAN BULANAN JABATAN', '', '05/09/2011', 1315198800, '', '8', '8.5', '1', '', 'SUPERADMIN', 1316879274);

-- --------------------------------------------------------

--
-- Table structure for table `user`
--

CREATE TABLE IF NOT EXISTS `user` (
  `uids` varchar(32) NOT NULL,
  `ulevel` int(1) NOT NULL DEFAULT '3',
  `usah` int(1) NOT NULL DEFAULT '2',
  `utsah` int(11) NOT NULL,
  `udelete` int(1) NOT NULL DEFAULT '1',
  `unokp` varchar(12) NOT NULL,
  `upass` varchar(32) NOT NULL,
  `usoalan` varchar(255) NOT NULL,
  `ujawapan` varchar(255) NOT NULL,
  `uemail` varchar(255) NOT NULL,
  `unoid` varchar(255) NOT NULL,
  `unama` varchar(255) NOT NULL,
  `utpenempatan` varchar(255) NOT NULL,
  `pids` varchar(32) NOT NULL,
  `ugred` varchar(255) NOT NULL,
  `bids` varchar(32) NOT NULL,
  `utelefon` varchar(50) NOT NULL,
  `ubimbit` varchar(50) NOT NULL,
  `uselia` varchar(255) NOT NULL,
  `ujselia` varchar(255) NOT NULL,
  `ueselia` varchar(255) NOT NULL,
  `upada` int(11) NOT NULL,
  PRIMARY KEY (`unokp`)
) ENGINE=MyISAM DEFAULT CHARSET=latin1;

--
-- Dumping data for table `user`
--

INSERT INTO `user` (`uids`, `ulevel`, `usah`, `utsah`, `udelete`, `unokp`, `upass`, `usoalan`, `ujawapan`, `uemail`, `unoid`, `unama`, `utpenempatan`, `pids`, `ugred`, `bids`, `utelefon`, `ubimbit`, `uselia`, `ujselia`, `ueselia`, `upada`) VALUES
('647b49d1a15d6222d3ef2fa86e5ed486', 1, 1, 1, 1, 'SUPERADMIN', '84f23bef1ad08f26b2fa4c41492ad28f', 'Apo?', 'OK', 'MZAKIMY2@GMAIL.COM', '', 'SUPER ADMIN', '', 'd6e665a384cd9b3422c89afcf7fdcacf', 'N17', 'b6c11593bdcee3c3a1af1093a88a38e0', '', '', '', '', '', 1),
('864cf1dbf4e24d6dbd19ef59abd0dc0b', 3, 2, 0, 1, '133333333333', '55356290e92db91fa2c7d75c8af9744b', '13', '13', 'MZAKIMY2@GMAIL.COM', '', 'AAAA', '', 'acf4f05c7e9821b3d980e4e4e0b178f9', 'N41', '96c263baff3442ede8e96e2990b7ae33', '', '', '', '', '', 1316915345),
('636c3649f79f6dd038eae18950fa9200', 3, 2, 0, 1, '411111111111', 'f6f2ada9aebe81f3f200081ac3bfb6ed', '12', '12', 'MZAKIMY2@GMAIL.COM', '', 'YYYYY', '', 'acf4f05c7e9821b3d980e4e4e0b178f9', 'N41', '96c263baff3442ede8e96e2990b7ae33', '', '', '', '', '', 1316924473),
('2aab76202310699be0cd10ee54a74062', 3, 2, 0, 1, '344444444444', '41a0ca63561db93d9dad80d10fa6ece4', '1', '1', 'MZAKIMY2@GMAIL.COM', '', 'SADASD', '', 'acf4f05c7e9821b3d980e4e4e0b178f9', 'N41', '96c263baff3442ede8e96e2990b7ae33', '', '', '', '', '', 1316925255),
('35bf515eeee4fb2625429d246fa5d040', 3, 2, 0, 1, '122222222222', 'fafe117de596da5f33b27526e30fda94', '3', '3', 'MZAKIMY2@GMAIL.COM', '', 'RRRR', '', 'acf4f05c7e9821b3d980e4e4e0b178f9', 'N41', '96c263baff3442ede8e96e2990b7ae33', '', '', '', '', '', 1316914758);

/*!40101 SET CHARACTER_SET_CLIENT=@OLD_CHARACTER_SET_CLIENT */;
/*!40101 SET CHARACTER_SET_RESULTS=@OLD_CHARACTER_SET_RESULTS */;
/*!40101 SET COLLATION_CONNECTION=@OLD_COLLATION_CONNECTION */;
